id,company,isincode,volume,lasttradedprice,change,sector,date
880,Kapchorua Tea Co. Ltd Ord Ord 5.00,KE4000001760,200,102.0,0.0,AGRICULTURAL,2022-12-21
942,New Gold Issuer (RP) Ltd,ZAE000060067,0,2165.0,0.0,ETF,2022-12-21
941,Fahari I-REIT,KE5000003656,6200,6.3,0.64,REAL ESTATE,2022-12-21
940,Safaricom Ltd Ord 0.05,KE1000001402,2791700,24.75,-0.2,TELECOMMUNICATION,2022-12-21
939,Flame Tree Group Holdings Ltd Ord 0.825,KE4000001323,2700,1.12,1.82,MANUFACTURING,2022-12-21
938,B.O.C Kenya Ltd Ord 5.00,KE0000000042,0,70.75,0.0,MANUFACTURING,2022-12-21
937,Mumias Sugar Co. Ltd Ord 2.00,KE0000000372,0,0.27,0.0,MANUFACTURING,2022-12-21
936,Carbacid Investments Ltd Ord 5.00,KE0000000117,405100,12.4,-0.8,MANUFACTURING,2022-12-21
935,British American Tobacco Kenya Ltd Ord 10.00,KE0000000075,1400,456.5,-0.27,MANUFACTURING,2022-12-21
934,East African Breweries PLC Ord 2.00,KE0000000216,443200,165.25,0.0,MANUFACTURING,2022-12-21
933,Unga Group Plc Ord 5.00,KE0000000497,400,32.0,0.0,MANUFACTURING,2022-12-21
932,Kenya Orchards Ltd Ord 5.00,KE0000000331,0,10.4,0.0,MANUFACTURING,2022-12-21
931,Nairobi Securities Exchange 4.00,KE3000009674,16500,6.78,-0.59,INVESTMENT SERVICES,2022-12-21
930,Home Afrika Ltd Ord 1.00,KE2000007258,1700,0.35,0.0,INVESTMENT,2022-12-21
929,Olympia Capital Holdings ltd Ord 5.00,KE0000000166,20300,2.8,0.0,INVESTMENT,2022-12-21
928,Trans-Century Ltd Ord 0.50,KE2000002184,73600,0.88,2.33,INVESTMENT,2022-12-21
927,Kurwitu Ventures,KE4000001216,0,1500.0,0.0,INVESTMENT,2022-12-21
926,Centum Investment Co Ltd Ord 0.50,KE0000000265,20100,8.06,0.5,INVESTMENT,2022-12-21
925,British-American Investments Ord 0.10,KE2000002192,4100,5.14,3.42,INSURANCE,2022-12-21
924,Liberty Insurance,KE2000002168,2000,5.66,-0.35,INSURANCE,2022-12-21
923,Sanlam Insurance Holdings Ltd 0rd 5.00,KE0000000414,700,9.68,0.83,INSURANCE,2022-12-21
922,CIC Insurance Group Plc Ord 1.00,KE2000002317,18100,1.89,2.16,INSURANCE,2022-12-21
921,Kenya Re-Insurance Corporation Ltd Ord 2.50,KE0000000604,43700,1.85,-0.54,INSURANCE,2022-12-21
920,Jubilee Holdings Ltd Ord 5.00,KE0000000273,1500,195.25,-2.38,INSURANCE,2022-12-21
919,Umeme Ltd Ord 0.50,UG0000001145,4900,7.34,-1.61,ENERGY,2022-12-21
918,KenGen Ltd Ord. 2.50,KE0000000547,1203000,3.22,0.63,ENERGY,2022-12-21
917,Kenya Power Lighting Co Plc Ord 20.00,KE0000000349,641900,1.46,-1.35,ENERGY,2022-12-21
916,Total Kenya Ltd Ord 5.00,KE0000000463,1000,23.75,2.15,ENERGY,2022-12-21
915,Bamburi Cement Ltd Ord 5.00,KE0000000059,1700,31.4,0.48,CONSTRUCTION,2022-12-21
914,Crown Berger Ltd 0rd 5.00,KE0000000141,0,40.05,0.0,CONSTRUCTION,2022-12-21
913,E.A.Portland Cement Ltd Ord 5.00,KE0000000190,1400,6.8,0.29,CONSTRUCTION,2022-12-21
912,Athi River Mining Ord 5.00,KE0000000034,0,5.55,0.0,CONSTRUCTION,2022-12-21
911,E.A.Cables Ltd Ord 0.50,KE0000000174,10900,0.86,0.0,CONSTRUCTION,2022-12-21
910,Nairobi Business Ventures Ltd,KE5000000090,126100,3.38,9.03,COMMERCIAL,2022-12-21
909,Longhorn Kenya Ltd 1.00,KE2000002275,0,3.03,0.0,COMMERCIAL,2022-12-21
908,Eveready East Africa Ltd Ord.1.00,KE0000000588,0,0.73,0.0,COMMERCIAL,2022-12-21
907,TPS Eastern Africa (Serena) Plc Ord 1.00,KE0000000539,7200,10.85,-2.25,COMMERCIAL,2022-12-21
906,Uchumi Supermarket Ltd Ord 5.00,KE0000000489,3800,0.26,-3.7,COMMERCIAL,2022-12-21
905,Nation Media Group Ord. 2.50,KE0000000380,14500,16.45,1.86,COMMERCIAL,2022-12-21
904,Sameer Africa Ltd Ord 5.00,KE0000000232,100,2.4,0.0,COMMERCIAL,2022-12-21
903,Kenya Airways Ltd Ord 5.00,KE0000000307,0,3.83,0.0,COMMERCIAL,2022-12-21
902,Deacons (East Africa) Plc Ord 2.50,KE5000005438,0,0.45,0.0,COMMERCIAL,2022-12-21
901,Scangroup Ltd Ord 1.00,KE0000000562,28600,3.1,-3.13,COMMERCIAL,2022-12-21
900,Express Ltd Ord 5.00,KE0000000224,1000,3.45,4.86,COMMERCIAL,2022-12-21
899,Standard Group Ltd Ord 5.00,KE0000000455,100,10.3,0.0,COMMERCIAL,2022-12-21
898,Bank of Kigali,KE5000008986,500,30.75,0.0,BANKING,2022-12-21
897,IMH Holdings Ltd Ord 1.00,KE0000000125,21600,17.0,-0.58,BANKING,2022-12-21
896,Diamond Trust Bank Kenya Ltd Ord 4.00,KE0000000158,9100,48.8,-0.41,BANKING,2022-12-21
895,HF Group Plc Ord 5.00,KE0000000240,97900,3.18,4.26,BANKING,2022-12-21
894,ABSA Bank Kenya Plc Ord 0.50,KE0000000067,31500,12.2,1.24,BANKING,2022-12-21
893,Standard Chartered Bank Ltd Ord 5.00,KE0000000448,17600,139.0,-0.36,BANKING,2022-12-21
892,Stanbic Holdings Ltd ord.5.00,KE0000000091,100,97.5,2.63,BANKING,2022-12-21
891,The Co-operative Bank of Kenya Ltd Ord 1.00,KE1000001568,279200,11.95,-0.42,BANKING,2022-12-21
890,Equity Bank Ltd Ord 0.50,KE0000000554,4246800,45.25,0.0,BANKING,2022-12-21
889,National Bank of Kenya Ltd Ord 5.00,KE0000000398,0,4.12,0.0,BANKING,2022-12-21
888,NCBA Ltd 0rd 5.00,KE0000000406,242000,36.5,0.14,BANKING,2022-12-21
887,Kenya Commercial Bank Ltd Ord 1.00,KE0000000315,2428300,38.0,-2.06,BANKING,2022-12-21
886,Car and General (K) Ltd Ord 5.00,KE0000000109,2100,40.5,-0.49,AUTOMOBILES,2022-12-21
885,Eaagads Ltd Ord 1.25,KE0000000208,0,10.0,0.0,AGRICULTURAL,2022-12-21
884,Kakuzi Ord.5.00,KE0000000281,100,418.0,-0.48,AGRICULTURAL,2022-12-21
883,Sasini Ltd Ord 1.00,KE0000000430,9600,22.05,-0.68,AGRICULTURAL,2022-12-21
882,Williamson Tea Kenya Ltd Ord 5.00,KE0000000505,300,156.75,1.13,AGRICULTURAL,2022-12-21
881,Limuru Tea Co. Ltd Ord 20.00,KE0000000356,0,420.0,0.0,AGRICULTURAL,2022-12-21
831,Deacons (East Africa) Plc Ord 2.50,KE5000005438,0,0.45,0.0,COMMERCIAL,2022-12-20
879,New Gold Issuer (RP) Ltd,ZAE000060067,0,2165.0,0.0,ETF,2022-12-20
878,Fahari I-REIT,KE5000003656,5300,6.26,5.74,REAL ESTATE,2022-12-20
877,Safaricom Ltd Ord 0.05,KE1000001402,901200,24.8,-0.4,TELECOMMUNICATION,2022-12-20
876,Flame Tree Group Holdings Ltd Ord 0.825,KE4000001323,100,1.1,-1.79,MANUFACTURING,2022-12-20
875,B.O.C Kenya Ltd Ord 5.00,KE0000000042,300,70.75,1.07,MANUFACTURING,2022-12-20
874,Mumias Sugar Co. Ltd Ord 2.00,KE0000000372,0,0.27,0.0,MANUFACTURING,2022-12-20
873,Carbacid Investments Ltd Ord 5.00,KE0000000117,9400,12.5,0.0,MANUFACTURING,2022-12-20
872,British American Tobacco Kenya Ltd Ord 10.00,KE0000000075,800,457.75,-0.38,MANUFACTURING,2022-12-20
871,East African Breweries PLC Ord 2.00,KE0000000216,323400,165.25,-0.45,MANUFACTURING,2022-12-20
870,Unga Group Plc Ord 5.00,KE0000000497,100,32.0,0.0,MANUFACTURING,2022-12-20
869,Kenya Orchards Ltd Ord 5.00,KE0000000331,0,10.4,0.0,MANUFACTURING,2022-12-20
868,Nairobi Securities Exchange 4.00,KE3000009674,5800,6.82,0.0,INVESTMENT SERVICES,2022-12-20
867,Home Afrika Ltd Ord 1.00,KE2000007258,28700,0.35,6.06,INVESTMENT,2022-12-20
866,Olympia Capital Holdings ltd Ord 5.00,KE0000000166,34200,2.8,0.0,INVESTMENT,2022-12-20
865,Olympia Capital Holdings ltd Ord 5.00,KE0000000166,34200,2.8,0.0,INVESTMENT,2022-12-20
864,Trans-Century Ltd Ord 0.50,KE2000002184,69500,0.86,7.5,INVESTMENT,2022-12-20
863,Kurwitu Ventures,KE4000001216,0,1500.0,0.0,INVESTMENT,2022-12-20
862,Centum Investment Co Ltd Ord 0.50,KE0000000265,33600,8.02,-0.25,INVESTMENT,2022-12-20
861,British-American Investments Ord 0.10,KE2000002192,27300,4.97,-1.78,INSURANCE,2022-12-20
860,Liberty Insurance,KE2000002168,0,5.68,0.0,INSURANCE,2022-12-20
859,Sanlam Insurance Holdings Ltd 0rd 5.00,KE0000000414,0,9.6,0.0,INSURANCE,2022-12-20
858,CIC Insurance Group Plc Ord 1.00,KE2000002317,150800,1.85,-1.6,INSURANCE,2022-12-20
857,Kenya Re-Insurance Corporation Ltd Ord 2.50,KE0000000604,17000,1.86,0.0,INSURANCE,2022-12-20
856,Jubilee Holdings Ltd Ord 5.00,KE0000000273,100,200.0,0.13,INSURANCE,2022-12-20
855,Umeme Ltd Ord 0.50,UG0000001145,600,7.46,0.0,ENERGY,2022-12-20
854,KenGen Ltd Ord. 2.50,KE0000000547,69200,3.2,-0.62,ENERGY,2022-12-20
853,Kenya Power Lighting Co Plc Ord 20.00,KE0000000349,159100,1.48,-0.67,ENERGY,2022-12-20
852,Total Kenya Ltd Ord 5.00,KE0000000463,0,23.25,0.0,ENERGY,2022-12-20
851,Bamburi Cement Ltd Ord 5.00,KE0000000059,7200,31.25,-0.79,CONSTRUCTION,2022-12-20
850,Bamburi Cement Ltd Ord 5.00,KE0000000059,7200,31.25,-0.79,CONSTRUCTION,2022-12-20
849,Crown Berger Ltd 0rd 5.00,KE0000000141,0,40.05,0.0,CONSTRUCTION,2022-12-20
848,Crown Berger Ltd 0rd 5.00,KE0000000141,0,40.05,0.0,CONSTRUCTION,2022-12-20
847,E.A.Portland Cement Ltd Ord 5.00,KE0000000190,700,6.78,-0.29,CONSTRUCTION,2022-12-20
846,Athi River Mining Ord 5.00,KE0000000034,0,5.55,0.0,CONSTRUCTION,2022-12-20
845,E.A.Cables Ltd Ord 0.50,KE0000000174,2100,0.86,3.61,CONSTRUCTION,2022-12-20
844,Nairobi Business Ventures Ltd,KE5000000090,4500,3.1,0.65,COMMERCIAL,2022-12-20
843,Nairobi Business Ventures Ltd,KE5000000090,4500,3.1,0.65,COMMERCIAL,2022-12-20
842,Longhorn Kenya Ltd 1.00,KE2000002275,1300,3.03,0.0,COMMERCIAL,2022-12-20
841,Eveready East Africa Ltd Ord.1.00,KE0000000588,900,0.73,0.0,COMMERCIAL,2022-12-20
840,TPS Eastern Africa (Serena) Plc Ord 1.00,KE0000000539,0,11.1,0.0,COMMERCIAL,2022-12-20
839,Uchumi Supermarket Ltd Ord 5.00,KE0000000489,27500,0.27,-3.57,COMMERCIAL,2022-12-20
838,Uchumi Supermarket Ltd Ord 5.00,KE0000000489,27500,0.27,-3.57,COMMERCIAL,2022-12-20
837,Nation Media Group Ord. 2.50,KE0000000380,8300,16.15,3.86,COMMERCIAL,2022-12-20
836,Nation Media Group Ord. 2.50,KE0000000380,8300,16.15,3.86,COMMERCIAL,2022-12-20
835,Sameer Africa Ltd Ord 5.00,KE0000000232,21500,2.4,0.0,COMMERCIAL,2022-12-20
834,Sameer Africa Ltd Ord 5.00,KE0000000232,21500,2.4,0.0,COMMERCIAL,2022-12-20
833,Kenya Airways Ltd Ord 5.00,KE0000000307,0,3.83,0.0,COMMERCIAL,2022-12-20
832,Kenya Airways Ltd Ord 5.00,KE0000000307,0,3.83,0.0,COMMERCIAL,2022-12-20
830,Deacons (East Africa) Plc Ord 2.50,KE5000005438,0,0.45,0.0,COMMERCIAL,2022-12-20
829,Scangroup Ltd Ord 1.00,KE0000000562,3500,3.2,1.59,COMMERCIAL,2022-12-20
828,Express Ltd Ord 5.00,KE0000000224,500,3.29,9.67,COMMERCIAL,2022-12-20
827,Standard Group Ltd Ord 5.00,KE0000000455,200,10.3,-1.9,COMMERCIAL,2022-12-20
826,Bank of Kigali,KE5000008986,0,30.75,0.0,BANKING,2022-12-20
825,Bank of Kigali,KE5000008986,0,30.75,0.0,BANKING,2022-12-20
824,IMH Holdings Ltd Ord 1.00,KE0000000125,16400,17.1,0.59,BANKING,2022-12-20
823,IMH Holdings Ltd Ord 1.00,KE0000000125,16400,17.1,0.59,BANKING,2022-12-20
822,Diamond Trust Bank Kenya Ltd Ord 4.00,KE0000000158,200,49.0,0.51,BANKING,2022-12-20
821,Diamond Trust Bank Kenya Ltd Ord 4.00,KE0000000158,200,49.0,0.51,BANKING,2022-12-20
820,HF Group Plc Ord 5.00,KE0000000240,10500,3.05,-1.29,BANKING,2022-12-20
819,HF Group Plc Ord 5.00,KE0000000240,10500,3.05,-1.29,BANKING,2022-12-20
818,ABSA Bank Kenya Plc Ord 0.50,KE0000000067,61200,12.05,-1.23,BANKING,2022-12-20
817,ABSA Bank Kenya Plc Ord 0.50,KE0000000067,61200,12.05,-1.23,BANKING,2022-12-20
816,Standard Chartered Bank Ltd Ord 5.00,KE0000000448,6700,139.5,-0.36,BANKING,2022-12-20
815,Standard Chartered Bank Ltd Ord 5.00,KE0000000448,6700,139.5,-0.36,BANKING,2022-12-20
814,Stanbic Holdings Ltd ord.5.00,KE0000000091,451000,95.0,-2.56,BANKING,2022-12-20
813,Stanbic Holdings Ltd ord.5.00,KE0000000091,451000,95.0,-2.56,BANKING,2022-12-20
812,The Co-operative Bank of Kenya Ltd Ord 1.00,KE1000001568,131900,12.0,0.0,BANKING,2022-12-20
811,Equity Bank Ltd Ord 0.50,KE0000000554,3327900,45.25,-0.55,BANKING,2022-12-20
810,National Bank of Kenya Ltd Ord 5.00,KE0000000398,0,4.12,0.0,BANKING,2022-12-20
809,NCBA Ltd 0rd 5.00,KE0000000406,15800,36.45,1.11,BANKING,2022-12-20
808,Kenya Commercial Bank Ltd Ord 1.00,KE0000000315,293400,38.8,2.37,BANKING,2022-12-20
807,Car and General (K) Ltd Ord 5.00,KE0000000109,600,40.7,0.12,AUTOMOBILES,2022-12-20
806,Eaagads Ltd Ord 1.25,KE0000000208,2400,10.0,-6.54,AGRICULTURAL,2022-12-20
805,Eaagads Ltd Ord 1.25,KE0000000208,2400,10.0,-6.54,AGRICULTURAL,2022-12-20
804,Kakuzi Ord.5.00,KE0000000281,400,420.0,0.0,AGRICULTURAL,2022-12-20
803,Kakuzi Ord.5.00,KE0000000281,400,420.0,0.0,AGRICULTURAL,2022-12-20
802,Sasini Ltd Ord 1.00,KE0000000430,5100,22.2,0.91,AGRICULTURAL,2022-12-20
801,Sasini Ltd Ord 1.00,KE0000000430,5100,22.2,0.91,AGRICULTURAL,2022-12-20
800,Williamson Tea Kenya Ltd Ord 5.00,KE0000000505,200,155.0,-3.13,AGRICULTURAL,2022-12-20
799,Williamson Tea Kenya Ltd Ord 5.00,KE0000000505,200,155.0,-3.13,AGRICULTURAL,2022-12-20
798,Limuru Tea Co. Ltd Ord 20.00,KE0000000356,0,420.0,0.0,AGRICULTURAL,2022-12-20
797,Kapchorua Tea Co. Ltd Ord Ord 5.00,KE4000001760,1900,102.0,-0.73,AGRICULTURAL,2022-12-20
763,Kapchorua Tea Co. Ltd Ord Ord 5.00,KE4000001760,0,115.0,0.0,AGRICULTURAL,2022-11-11
764,Limuru Tea Co. Ltd Ord 20.00,KE0000000356,0,420.0,0.0,AGRICULTURAL,2022-11-11
796,Fahari I-REIT,KE5000003656,4500,6.6,-1.2,REAL ESTATE,2022-11-11
795,Flame Tree Group Holdings Ltd Ord 0.825,KE4000001323,14000,1.07,-7.76,MANUFACTURING,2022-11-11
794,B.O.C Kenya Ltd Ord 5.00,KE0000000042,0,80.0,0.0,MANUFACTURING,2022-11-11
793,East African Breweries PLC Ord 2.00,KE0000000216,42700,157.5,-0.16,MANUFACTURING,2022-11-11
792,Unga Group Plc Ord 5.00,KE0000000497,0,29.0,0.0,MANUFACTURING,2022-11-11
791,Kenya Orchards Ltd Ord 5.00,KE0000000331,0,10.4,0.0,MANUFACTURING,2022-11-11
790,Home Afrika Ltd Ord 1.00,KE2000007258,18100,0.36,2.86,INVESTMENT,2022-11-11
789,Centum Investment Co Ltd Ord 0.50,KE0000000265,18600,8.42,-0.94,INVESTMENT,2022-11-11
788,Umeme Ltd Ord 0.50,UG0000001145,303100,7.0,-0.85,INSURANCE,2022-11-11
787,Kenya Power Lighting Co Plc Ord 20.00,KE0000000349,391900,1.65,1.85,INSURANCE,2022-11-11
786,Total Kenya Ltd Ord 5.00,KE0000000463,2700,23.2,-2.93,INSURANCE,2022-11-11
785,Umeme Ltd Ord 0.50,UG0000001145,303100,7.0,-0.85,ENERGY,2022-11-11
784,Kenya Power Lighting Co Plc Ord 20.00,KE0000000349,391900,1.65,1.85,ENERGY,2022-11-11
783,Total Kenya Ltd Ord 5.00,KE0000000463,2700,23.2,-2.93,ENERGY,2022-11-11
782,E.A.Portland Cement Ltd Ord 5.00,KE0000000190,2500,7.5,0.0,CONSTRUCTION,2022-11-11
781,Athi River Mining Ord 5.00,KE0000000034,0,5.55,0.0,CONSTRUCTION,2022-11-11
780,E.A.Cables Ltd Ord 0.50,KE0000000174,7000,1.0,0.0,CONSTRUCTION,2022-11-11
779,Nairobi Business Ventures Ltd,KE5000000090,35100,3.44,-5.23,COMMERCIAL,2022-11-11
778,Longhorn Kenya Ltd 1.00,KE2000002275,4100,3.46,-1.7,COMMERCIAL,2022-11-11
777,Eveready East Africa Ltd Ord.1.00,KE0000000588,300,0.76,7.04,COMMERCIAL,2022-11-11
776,TPS Eastern Africa (Serena) Plc Ord 1.00,KE0000000539,500,13.6,-7.48,COMMERCIAL,2022-11-11
775,Uchumi Supermarket Ltd Ord 5.00,KE0000000489,20100,0.26,0.0,COMMERCIAL,2022-11-11
774,Nation Media Group Ord. 2.50,KE0000000380,3000,16.7,0.6,COMMERCIAL,2022-11-11
773,Express Ltd Ord 5.00,KE0000000224,100,3.28,0.0,COMMERCIAL,2022-11-11
772,Standard Group Ltd Ord 5.00,KE0000000455,0,11.0,0.0,COMMERCIAL,2022-11-11
771,Bank of Kigali,KE5000008986,200,29.5,-0.34,BANKING,2022-11-11
770,IMH Holdings Ltd Ord 1.00,KE0000000125,1100,17.15,0.59,BANKING,2022-11-11
769,Diamond Trust Bank Kenya Ltd Ord 4.00,KE0000000158,10000,48.5,-1.02,BANKING,2022-11-11
768,National Bank of Kenya Ltd Ord 5.00,KE0000000398,0,4.12,0.0,BANKING,2022-11-11
767,NCBA Ltd 0rd 5.00,KE0000000406,115700,31.7,-0.94,BANKING,2022-11-11
766,Kenya Commercial Bank Ltd Ord 1.00,KE0000000315,189000,36.75,0.68,BANKING,2022-11-11
765,Car and General (K) Ltd Ord 5.00,KE0000000109,0,39.0,0.0,AUTOMOBILES,2022-11-11
673,Total Kenya Ltd Ord 5.00,KE0000000463,2400,24.45,-2.2,ENERGY,2022-11-08
762,New Gold Issuer (RP) Ltd,ZAE000060067,18900,2015.0,7.18,ETF,2022-11-08
761,Fahari I-REIT,KE5000003656,14300,6.88,0.0,REAL ESTATE,2022-11-08
760,Safaricom Ltd Ord 0.05,KE1000001402,443100,24.95,0.6,TELECOMMUNICATION,2022-11-08
759,Flame Tree Group Holdings Ltd Ord 0.825,KE4000001323,10200,1.2,0.84,MANUFACTURING,2022-11-08
758,B.O.C Kenya Ltd Ord 5.00,KE0000000042,400,80.0,0.0,MANUFACTURING,2022-11-08
757,Mumias Sugar Co. Ltd Ord 2.00,KE0000000372,0,0.27,0.0,MANUFACTURING,2022-11-08
756,Carbacid Investments Ltd Ord 5.00,KE0000000117,33000,13.8,-0.72,MANUFACTURING,2022-11-08
755,British American Tobacco Kenya Ltd Ord 10.00,KE0000000075,31800,420.0,-1.75,MANUFACTURING,2022-11-08
754,East African Breweries PLC Ord 2.00,KE0000000216,74800,158.5,-3.65,MANUFACTURING,2022-11-08
753,Unga Group Plc Ord 5.00,KE0000000497,3700,29.0,0.0,MANUFACTURING,2022-11-08
752,Kenya Orchards Ltd Ord 5.00,KE0000000331,0,10.4,0.0,MANUFACTURING,2022-11-08
751,Nairobi Securities Exchange 4.00,KE3000009674,4800,7.24,2.84,INVESTMENT SERVICES,2022-11-08
750,Home Afrika Ltd Ord 1.00,KE2000007258,400,0.36,5.88,INVESTMENT,2022-11-08
749,Olympia Capital Holdings ltd Ord 5.00,KE0000000166,700,2.7,9.76,INVESTMENT,2022-11-08
748,Trans-Century Ltd Ord 0.50,KE2000002184,10300,1.14,-4.2,INVESTMENT,2022-11-08
747,Kurwitu Ventures,KE4000001216,0,1500.0,0.0,INVESTMENT,2022-11-08
746,Centum Investment Co Ltd Ord 0.50,KE0000000265,1185400,8.02,-8.24,INVESTMENT,2022-11-08
745,British-American Investments Ord 0.10,KE2000002192,22200,5.8,0.69,INSURANCE,2022-11-08
744,Liberty Insurance,KE2000002168,6500,5.0,-3.85,INSURANCE,2022-11-08
743,Sanlam Insurance Holdings Ltd 0rd 5.00,KE0000000414,4800,9.48,1.5,INSURANCE,2022-11-08
742,CIC Insurance Group Plc Ord 1.00,KE2000002317,85500,1.96,-1.51,INSURANCE,2022-11-08
741,Kenya Re-Insurance Corporation Ltd Ord 2.50,KE0000000604,424800,1.85,-1.6,INSURANCE,2022-11-08
740,Jubilee Holdings Ltd Ord 5.00,KE0000000273,1600,215.75,0.35,INSURANCE,2022-11-08
739,Umeme Ltd Ord 0.50,UG0000001145,10800,7.5,0.0,ENERGY,2022-11-08
738,KenGen Ltd Ord. 2.50,KE0000000547,374400,3.29,0.0,ENERGY,2022-11-08
737,Kenya Power Lighting Co Plc Ord 20.00,KE0000000349,637600,1.73,-1.14,ENERGY,2022-11-08
736,Total Kenya Ltd Ord 5.00,KE0000000463,2400,24.45,-2.2,ENERGY,2022-11-08
735,Bamburi Cement Ltd Ord 5.00,KE0000000059,600,34.65,0.73,CONSTRUCTION,2022-11-08
734,Crown Berger Ltd 0rd 5.00,KE0000000141,100,40.5,3.45,CONSTRUCTION,2022-11-08
733,E.A.Portland Cement Ltd Ord 5.00,KE0000000190,0,7.8,0.0,CONSTRUCTION,2022-11-08
732,Athi River Mining Ord 5.00,KE0000000034,0,5.55,0.0,CONSTRUCTION,2022-11-08
731,E.A.Cables Ltd Ord 0.50,KE0000000174,9500,1.05,-1.87,CONSTRUCTION,2022-11-08
730,Nairobi Business Ventures Ltd,KE5000000090,2400,3.97,1.53,COMMERCIAL,2022-11-08
729,Longhorn Kenya Ltd 1.00,KE2000002275,0,3.22,0.0,COMMERCIAL,2022-11-08
728,Eveready East Africa Ltd Ord.1.00,KE0000000588,4700,0.73,-1.35,COMMERCIAL,2022-11-08
727,TPS Eastern Africa (Serena) Plc Ord 1.00,KE0000000539,100,14.45,-3.67,COMMERCIAL,2022-11-08
726,Uchumi Supermarket Ltd Ord 5.00,KE0000000489,11000,0.25,0.0,COMMERCIAL,2022-11-08
725,Nation Media Group Ord. 2.50,KE0000000380,6800,16.2,-0.31,COMMERCIAL,2022-11-08
724,Sameer Africa Ltd Ord 5.00,KE0000000232,10100,2.85,0.0,COMMERCIAL,2022-11-08
723,Kenya Airways Ltd Ord 5.00,KE0000000307,0,3.83,0.0,COMMERCIAL,2022-11-08
722,Deacons (East Africa) Plc Ord 2.50,KE5000005438,0,0.45,0.0,COMMERCIAL,2022-11-08
721,Scangroup Ltd Ord 1.00,KE0000000562,9600,3.05,-4.39,COMMERCIAL,2022-11-08
720,Express Ltd Ord 5.00,KE0000000224,0,3.28,0.0,COMMERCIAL,2022-11-08
719,Standard Group Ltd Ord 5.00,KE0000000455,600,10.75,-6.52,COMMERCIAL,2022-11-08
718,Bank of Kigali,KE5000008986,0,29.8,0.0,BANKING,2022-11-08
717,IMH Holdings Ltd Ord 1.00,KE0000000125,255200,17.0,0.0,BANKING,2022-11-08
716,Diamond Trust Bank Kenya Ltd Ord 4.00,KE0000000158,5500,48.0,-0.62,BANKING,2022-11-08
715,HF Group Plc Ord 5.00,KE0000000240,39400,3.15,-3.08,BANKING,2022-11-08
714,ABSA Bank Kenya Plc Ord 0.50,KE0000000067,1179400,11.7,2.63,BANKING,2022-11-08
713,Standard Chartered Bank Ltd Ord 5.00,KE0000000448,7200,135.5,-0.91,BANKING,2022-11-08
712,Stanbic Holdings Ltd ord.5.00,KE0000000091,0,100.0,0.0,BANKING,2022-11-08
711,The Co-operative Bank of Kenya Ltd Ord 1.00,KE1000001568,39500,11.9,1.28,BANKING,2022-11-08
710,Equity Bank Ltd Ord 0.50,KE0000000554,514900,45.0,-1.53,BANKING,2022-11-08
709,National Bank of Kenya Ltd Ord 5.00,KE0000000398,0,4.12,0.0,BANKING,2022-11-08
708,NCBA Ltd 0rd 5.00,KE0000000406,432200,31.5,1.29,BANKING,2022-11-08
707,Kenya Commercial Bank Ltd Ord 1.00,KE0000000315,647200,37.0,-0.4,BANKING,2022-11-08
706,Car and General (K) Ltd Ord 5.00,KE0000000109,200,41.0,4.46,AUTOMOBILES,2022-11-08
705,Eaagads Ltd Ord 1.25,KE0000000208,1100,10.95,-8.75,AGRICULTURAL,2022-11-08
704,Kakuzi Ord.5.00,KE0000000281,0,415.0,0.0,AGRICULTURAL,2022-11-08
703,Sasini Ltd Ord 1.00,KE0000000430,800,22.0,4.76,AGRICULTURAL,2022-11-08
702,Williamson Tea Kenya Ltd Ord 5.00,KE0000000505,800,164.0,-0.46,AGRICULTURAL,2022-11-08
701,Limuru Tea Co. Ltd Ord 20.00,KE0000000356,0,420.0,0.0,AGRICULTURAL,2022-11-08
700,Kapchorua Tea Co. Ltd Ord Ord 5.00,KE4000001760,200,115.0,0.0,AGRICULTURAL,2022-11-08
699,New Gold Issuer (RP) Ltd,ZAE000060067,18900,2015.0,7.18,ETF,2022-11-08
698,Fahari I-REIT,KE5000003656,14300,6.88,0.0,REAL ESTATE,2022-11-08
697,Safaricom Ltd Ord 0.05,KE1000001402,443100,24.95,0.6,TELECOMMUNICATION,2022-11-08
696,Flame Tree Group Holdings Ltd Ord 0.825,KE4000001323,10200,1.2,0.84,MANUFACTURING,2022-11-08
695,B.O.C Kenya Ltd Ord 5.00,KE0000000042,400,80.0,0.0,MANUFACTURING,2022-11-08
694,Mumias Sugar Co. Ltd Ord 2.00,KE0000000372,0,0.27,0.0,MANUFACTURING,2022-11-08
693,Carbacid Investments Ltd Ord 5.00,KE0000000117,33000,13.8,-0.72,MANUFACTURING,2022-11-08
692,British American Tobacco Kenya Ltd Ord 10.00,KE0000000075,31800,420.0,-1.75,MANUFACTURING,2022-11-08
691,East African Breweries PLC Ord 2.00,KE0000000216,74800,158.5,-3.65,MANUFACTURING,2022-11-08
690,Unga Group Plc Ord 5.00,KE0000000497,3700,29.0,0.0,MANUFACTURING,2022-11-08
689,Kenya Orchards Ltd Ord 5.00,KE0000000331,0,10.4,0.0,MANUFACTURING,2022-11-08
688,Nairobi Securities Exchange 4.00,KE3000009674,4800,7.24,2.84,INVESTMENT SERVICES,2022-11-08
687,Home Afrika Ltd Ord 1.00,KE2000007258,400,0.36,5.88,INVESTMENT,2022-11-08
686,Olympia Capital Holdings ltd Ord 5.00,KE0000000166,700,2.7,9.76,INVESTMENT,2022-11-08
685,Trans-Century Ltd Ord 0.50,KE2000002184,10300,1.14,-4.2,INVESTMENT,2022-11-08
684,Kurwitu Ventures,KE4000001216,0,1500.0,0.0,INVESTMENT,2022-11-08
683,Centum Investment Co Ltd Ord 0.50,KE0000000265,1185400,8.02,-8.24,INVESTMENT,2022-11-08
682,British-American Investments Ord 0.10,KE2000002192,22200,5.8,0.69,INSURANCE,2022-11-08
681,Liberty Insurance,KE2000002168,6500,5.0,-3.85,INSURANCE,2022-11-08
680,Sanlam Insurance Holdings Ltd 0rd 5.00,KE0000000414,4800,9.48,1.5,INSURANCE,2022-11-08
679,CIC Insurance Group Plc Ord 1.00,KE2000002317,85500,1.96,-1.51,INSURANCE,2022-11-08
678,Kenya Re-Insurance Corporation Ltd Ord 2.50,KE0000000604,424800,1.85,-1.6,INSURANCE,2022-11-08
677,Jubilee Holdings Ltd Ord 5.00,KE0000000273,1600,215.75,0.35,INSURANCE,2022-11-08
676,Umeme Ltd Ord 0.50,UG0000001145,10800,7.5,0.0,ENERGY,2022-11-08
675,KenGen Ltd Ord. 2.50,KE0000000547,374400,3.29,0.0,ENERGY,2022-11-08
674,Kenya Power Lighting Co Plc Ord 20.00,KE0000000349,637600,1.73,-1.14,ENERGY,2022-11-08
672,Bamburi Cement Ltd Ord 5.00,KE0000000059,600,34.65,0.73,CONSTRUCTION,2022-11-08
671,Crown Berger Ltd 0rd 5.00,KE0000000141,100,40.5,3.45,CONSTRUCTION,2022-11-08
670,E.A.Portland Cement Ltd Ord 5.00,KE0000000190,0,7.8,0.0,CONSTRUCTION,2022-11-08
669,Athi River Mining Ord 5.00,KE0000000034,0,5.55,0.0,CONSTRUCTION,2022-11-08
668,E.A.Cables Ltd Ord 0.50,KE0000000174,9500,1.05,-1.87,CONSTRUCTION,2022-11-08
667,Nairobi Business Ventures Ltd,KE5000000090,2400,3.97,1.53,COMMERCIAL,2022-11-08
666,Longhorn Kenya Ltd 1.00,KE2000002275,0,3.22,0.0,COMMERCIAL,2022-11-08
665,Eveready East Africa Ltd Ord.1.00,KE0000000588,4700,0.73,-1.35,COMMERCIAL,2022-11-08
664,TPS Eastern Africa (Serena) Plc Ord 1.00,KE0000000539,100,14.45,-3.67,COMMERCIAL,2022-11-08
663,Uchumi Supermarket Ltd Ord 5.00,KE0000000489,11000,0.25,0.0,COMMERCIAL,2022-11-08
662,Nation Media Group Ord. 2.50,KE0000000380,6800,16.2,-0.31,COMMERCIAL,2022-11-08
661,Sameer Africa Ltd Ord 5.00,KE0000000232,10100,2.85,0.0,COMMERCIAL,2022-11-08
660,Kenya Airways Ltd Ord 5.00,KE0000000307,0,3.83,0.0,COMMERCIAL,2022-11-08
659,Deacons (East Africa) Plc Ord 2.50,KE5000005438,0,0.45,0.0,COMMERCIAL,2022-11-08
658,Scangroup Ltd Ord 1.00,KE0000000562,9600,3.05,-4.39,COMMERCIAL,2022-11-08
657,Express Ltd Ord 5.00,KE0000000224,0,3.28,0.0,COMMERCIAL,2022-11-08
656,Standard Group Ltd Ord 5.00,KE0000000455,600,10.75,-6.52,COMMERCIAL,2022-11-08
655,Bank of Kigali,KE5000008986,0,29.8,0.0,BANKING,2022-11-08
654,IMH Holdings Ltd Ord 1.00,KE0000000125,255200,17.0,0.0,BANKING,2022-11-08
653,Diamond Trust Bank Kenya Ltd Ord 4.00,KE0000000158,5500,48.0,-0.62,BANKING,2022-11-08
652,HF Group Plc Ord 5.00,KE0000000240,39400,3.15,-3.08,BANKING,2022-11-08
651,ABSA Bank Kenya Plc Ord 0.50,KE0000000067,1179400,11.7,2.63,BANKING,2022-11-08
650,Standard Chartered Bank Ltd Ord 5.00,KE0000000448,7200,135.5,-0.91,BANKING,2022-11-08
649,Stanbic Holdings Ltd ord.5.00,KE0000000091,0,100.0,0.0,BANKING,2022-11-08
648,The Co-operative Bank of Kenya Ltd Ord 1.00,KE1000001568,39500,11.9,1.28,BANKING,2022-11-08
647,Equity Bank Ltd Ord 0.50,KE0000000554,514900,45.0,-1.53,BANKING,2022-11-08
646,National Bank of Kenya Ltd Ord 5.00,KE0000000398,0,4.12,0.0,BANKING,2022-11-08
645,NCBA Ltd 0rd 5.00,KE0000000406,432200,31.5,1.29,BANKING,2022-11-08
644,Kenya Commercial Bank Ltd Ord 1.00,KE0000000315,647200,37.0,-0.4,BANKING,2022-11-08
643,Car and General (K) Ltd Ord 5.00,KE0000000109,200,41.0,4.46,AUTOMOBILES,2022-11-08
642,Eaagads Ltd Ord 1.25,KE0000000208,1100,10.95,-8.75,AGRICULTURAL,2022-11-08
641,Kakuzi Ord.5.00,KE0000000281,0,415.0,0.0,AGRICULTURAL,2022-11-08
640,Sasini Ltd Ord 1.00,KE0000000430,800,22.0,4.76,AGRICULTURAL,2022-11-08
639,Williamson Tea Kenya Ltd Ord 5.00,KE0000000505,800,164.0,-0.46,AGRICULTURAL,2022-11-08
638,Limuru Tea Co. Ltd Ord 20.00,KE0000000356,0,420.0,0.0,AGRICULTURAL,2022-11-08
637,Kapchorua Tea Co. Ltd Ord Ord 5.00,KE4000001760,200,115.0,0.0,AGRICULTURAL,2022-11-08
607,E.A.Portland Cement Ltd Ord 5.00,KE0000000190,200,7.8,0.0,CONSTRUCTION,2022-11-04
636,New Gold Issuer (RP) Ltd,ZAE000060067,0,1880.0,0.0,ETF,2022-11-04
635,Fahari I-REIT,KE5000003656,5800,6.88,-0.29,REAL ESTATE,2022-11-04
634,Safaricom Ltd Ord 0.05,KE1000001402,7198300,24.8,0.0,TELECOMMUNICATION,2022-11-04
633,Flame Tree Group Holdings Ltd Ord 0.825,KE4000001323,1400,1.19,-0.83,MANUFACTURING,2022-11-04
632,B.O.C Kenya Ltd Ord 5.00,KE0000000042,0,80.0,0.0,MANUFACTURING,2022-11-04
631,Mumias Sugar Co. Ltd Ord 2.00,KE0000000372,0,0.27,0.0,MANUFACTURING,2022-11-04
630,Carbacid Investments Ltd Ord 5.00,KE0000000117,91200,13.9,-0.71,MANUFACTURING,2022-11-04
629,British American Tobacco Kenya Ltd Ord 10.00,KE0000000075,3800,427.5,-0.06,MANUFACTURING,2022-11-04
628,East African Breweries PLC Ord 2.00,KE0000000216,15600,164.5,-0.6,MANUFACTURING,2022-11-04
627,Unga Group Plc Ord 5.00,KE0000000497,0,29.0,0.0,MANUFACTURING,2022-11-04
626,Kenya Orchards Ltd Ord 5.00,KE0000000331,0,10.4,0.0,MANUFACTURING,2022-11-04
625,Nairobi Securities Exchange 4.00,KE3000009674,24600,7.04,0.28,INVESTMENT SERVICES,2022-11-04
624,Home Afrika Ltd Ord 1.00,KE2000007258,127000,0.34,0.0,INVESTMENT,2022-11-04
623,Olympia Capital Holdings ltd Ord 5.00,KE0000000166,40200,2.46,8.85,INVESTMENT,2022-11-04
622,Trans-Century Ltd Ord 0.50,KE2000002184,8700,1.19,3.48,INVESTMENT,2022-11-04
621,Kurwitu Ventures,KE4000001216,500,1500.0,0.0,INVESTMENT,2022-11-04
620,Centum Investment Co Ltd Ord 0.50,KE0000000265,23100,8.74,-1.13,INVESTMENT,2022-11-04
619,British-American Investments Ord 0.10,KE2000002192,23300,5.76,1.05,INSURANCE,2022-11-04
618,Liberty Insurance,KE2000002168,11800,5.2,4.0,INSURANCE,2022-11-04
617,Sanlam Insurance Holdings Ltd 0rd 5.00,KE0000000414,100,9.34,7.6,INSURANCE,2022-11-04
616,CIC Insurance Group Plc Ord 1.00,KE2000002317,5700,1.99,0.51,INSURANCE,2022-11-04
615,Kenya Re-Insurance Corporation Ltd Ord 2.50,KE0000000604,81600,1.88,0.0,INSURANCE,2022-11-04
614,Jubilee Holdings Ltd Ord 5.00,KE0000000273,400,215.0,-2.05,INSURANCE,2022-11-04
613,Umeme Ltd Ord 0.50,UG0000001145,3600,7.5,-0.27,ENERGY,2022-11-04
612,KenGen Ltd Ord. 2.50,KE0000000547,607900,3.29,-0.9,ENERGY,2022-11-04
611,Kenya Power Lighting Co Plc Ord 20.00,KE0000000349,2622200,1.75,-2.23,ENERGY,2022-11-04
610,Total Kenya Ltd Ord 5.00,KE0000000463,0,25.0,0.0,ENERGY,2022-11-04
609,Bamburi Cement Ltd Ord 5.00,KE0000000059,3400,34.4,-1.71,CONSTRUCTION,2022-11-04
608,Crown Berger Ltd 0rd 5.00,KE0000000141,800,39.15,-3.33,CONSTRUCTION,2022-11-04
606,Athi River Mining Ord 5.00,KE0000000034,0,5.55,0.0,CONSTRUCTION,2022-11-04
605,E.A.Cables Ltd Ord 0.50,KE0000000174,8800,1.07,-1.83,CONSTRUCTION,2022-11-04
604,Nairobi Business Ventures Ltd,KE5000000090,5700,3.91,-1.01,COMMERCIAL,2022-11-04
603,Longhorn Kenya Ltd 1.00,KE2000002275,0,3.22,0.0,COMMERCIAL,2022-11-04
602,Eveready East Africa Ltd Ord.1.00,KE0000000588,2700,0.74,-3.9,COMMERCIAL,2022-11-04
601,TPS Eastern Africa (Serena) Plc Ord 1.00,KE0000000539,2000,15.0,-5.96,COMMERCIAL,2022-11-04
600,Uchumi Supermarket Ltd Ord 5.00,KE0000000489,1000,0.25,0.0,COMMERCIAL,2022-11-04
599,Nation Media Group Ord. 2.50,KE0000000380,2500,16.25,1.25,COMMERCIAL,2022-11-04
598,Sameer Africa Ltd Ord 5.00,KE0000000232,9500,2.85,-1.72,COMMERCIAL,2022-11-04
597,Kenya Airways Ltd Ord 5.00,KE0000000307,0,3.83,0.0,COMMERCIAL,2022-11-04
596,Deacons (East Africa) Plc Ord 2.50,KE5000005438,0,0.45,0.0,COMMERCIAL,2022-11-04
595,Scangroup Ltd Ord 1.00,KE0000000562,28500,3.19,0.0,COMMERCIAL,2022-11-04
594,Express Ltd Ord 5.00,KE0000000224,31500,3.28,9.33,COMMERCIAL,2022-11-04
593,Standard Group Ltd Ord 5.00,KE0000000455,1200,11.5,5.5,COMMERCIAL,2022-11-04
592,Bank of Kigali,KE5000008986,4300,29.8,0.34,BANKING,2022-11-04
591,IMH Holdings Ltd Ord 1.00,KE0000000125,4600,17.0,0.0,BANKING,2022-11-04
590,Diamond Trust Bank Kenya Ltd Ord 4.00,KE0000000158,2100,48.3,-0.31,BANKING,2022-11-04
589,HF Group Plc Ord 5.00,KE0000000240,4400,3.25,1.25,BANKING,2022-11-04
588,ABSA Bank Kenya Plc Ord 0.50,KE0000000067,146500,11.4,-0.87,BANKING,2022-11-04
587,Standard Chartered Bank Ltd Ord 5.00,KE0000000448,14400,136.75,-0.91,BANKING,2022-11-04
586,Stanbic Holdings Ltd ord.5.00,KE0000000091,0,100.0,0.0,BANKING,2022-11-04
585,The Co-operative Bank of Kenya Ltd Ord 1.00,KE1000001568,101000,11.75,0.0,BANKING,2022-11-04
584,Equity Bank Ltd Ord 0.50,KE0000000554,47900,45.7,-0.44,BANKING,2022-11-04
583,National Bank of Kenya Ltd Ord 5.00,KE0000000398,0,4.12,0.0,BANKING,2022-11-04
582,NCBA Ltd 0rd 5.00,KE0000000406,5500,31.1,-1.27,BANKING,2022-11-04
581,Kenya Commercial Bank Ltd Ord 1.00,KE0000000315,110300,37.15,-0.27,BANKING,2022-11-04
580,Car and General (K) Ltd Ord 5.00,KE0000000109,300,39.25,-0.25,AUTOMOBILES,2022-11-04
579,Eaagads Ltd Ord 1.25,KE0000000208,100,12.0,3.9,AGRICULTURAL,2022-11-04
578,Kakuzi Ord.5.00,KE0000000281,400,415.0,1.22,AGRICULTURAL,2022-11-04
577,Sasini Ltd Ord 1.00,KE0000000430,10500,21.0,0.72,AGRICULTURAL,2022-11-04
576,Williamson Tea Kenya Ltd Ord 5.00,KE0000000505,0,164.75,0.0,AGRICULTURAL,2022-11-04
575,Limuru Tea Co. Ltd Ord 20.00,KE0000000356,0,420.0,0.0,AGRICULTURAL,2022-11-04
574,Kapchorua Tea Co. Ltd Ord Ord 5.00,KE4000001760,0,115.0,0.0,AGRICULTURAL,2022-11-04
513,Williamson Tea Kenya Ltd Ord 5.00,KE0000000505,0,164.25,0.0,AGRICULTURAL,2022-10-31
573,New Gold Issuer (RP) Ltd,ZAE000060067,0,1880.0,0.0,ETF,2022-10-31
572,Fahari I-REIT,KE5000003656,4300,6.28,-0.95,REAL ESTATE,2022-10-31
571,Safaricom Ltd Ord 0.05,KE1000001402,2762400,25.1,1.01,TELECOMMUNICATION,2022-10-31
570,Flame Tree Group Holdings Ltd Ord 0.825,KE4000001323,800,1.19,-0.83,MANUFACTURING,2022-10-31
569,B.O.C Kenya Ltd Ord 5.00,KE0000000042,14200,82.0,-0.91,MANUFACTURING,2022-10-31
568,Mumias Sugar Co. Ltd Ord 2.00,KE0000000372,0,0.27,0.0,MANUFACTURING,2022-10-31
567,Carbacid Investments Ltd Ord 5.00,KE0000000117,8000,13.0,0.39,MANUFACTURING,2022-10-31
566,British American Tobacco Kenya Ltd Ord 10.00,KE0000000075,8300,430.0,-0.92,MANUFACTURING,2022-10-31
565,East African Breweries PLC Ord 2.00,KE0000000216,34100,167.25,0.0,MANUFACTURING,2022-10-31
564,Unga Group Plc Ord 5.00,KE0000000497,200,29.0,-1.36,MANUFACTURING,2022-10-31
563,Kenya Orchards Ltd Ord 5.00,KE0000000331,0,10.4,0.0,MANUFACTURING,2022-10-31
562,Nairobi Securities Exchange 4.00,KE3000009674,16700,7.02,1.45,INVESTMENT SERVICES,2022-10-31
561,Home Afrika Ltd Ord 1.00,KE2000007258,151300,0.32,0.0,INVESTMENT,2022-10-31
560,Olympia Capital Holdings ltd Ord 5.00,KE0000000166,0,2.49,0.0,INVESTMENT,2022-10-31
559,Trans-Century Ltd Ord 0.50,KE2000002184,1800,1.18,1.72,INVESTMENT,2022-10-31
558,Kurwitu Ventures,KE4000001216,0,1500.0,0.0,INVESTMENT,2022-10-31
557,Centum Investment Co Ltd Ord 0.50,KE0000000265,11500,8.24,-0.72,INVESTMENT,2022-10-31
556,British-American Investments Ord 0.10,KE2000002192,25600,5.58,-0.71,INSURANCE,2022-10-31
555,Liberty Insurance,KE2000002168,900,5.34,-2.91,INSURANCE,2022-10-31
554,Sanlam Insurance Holdings Ltd 0rd 5.00,KE0000000414,600,8.52,0.24,INSURANCE,2022-10-31
553,CIC Insurance Group Plc Ord 1.00,KE2000002317,32400,1.99,1.02,INSURANCE,2022-10-31
552,Kenya Re-Insurance Corporation Ltd Ord 2.50,KE0000000604,38400,1.93,1.58,INSURANCE,2022-10-31
551,Jubilee Holdings Ltd Ord 5.00,KE0000000273,0,230.0,0.0,INSURANCE,2022-10-31
550,Umeme Ltd Ord 0.50,UG0000001145,2400,7.42,-1.07,ENERGY,2022-10-31
549,KenGen Ltd Ord. 2.50,KE0000000547,670700,3.38,-0.29,ENERGY,2022-10-31
548,Kenya Power Lighting Co Plc Ord 20.00,KE0000000349,496200,1.86,1.09,ENERGY,2022-10-31
511,Kapchorua Tea Co. Ltd Ord Ord 5.00,KE4000001760,300,115.0,6.48,AGRICULTURAL,2022-10-31
547,Total Kenya Ltd Ord 5.00,KE0000000463,1000,23.7,0.21,ENERGY,2022-10-31
546,Bamburi Cement Ltd Ord 5.00,KE0000000059,7800,33.4,-1.76,CONSTRUCTION,2022-10-31
512,Limuru Tea Co. Ltd Ord 20.00,KE0000000356,0,420.0,0.0,AGRICULTURAL,2022-10-31
545,Crown Berger Ltd 0rd 5.00,KE0000000141,0,41.9,0.0,CONSTRUCTION,2022-10-31
544,E.A.Portland Cement Ltd Ord 5.00,KE0000000190,0,7.9,0.0,CONSTRUCTION,2022-10-31
543,Athi River Mining Ord 5.00,KE0000000034,0,5.55,0.0,CONSTRUCTION,2022-10-31
542,E.A.Cables Ltd Ord 0.50,KE0000000174,8000,1.11,0.0,CONSTRUCTION,2022-10-31
541,Nairobi Business Ventures Ltd,KE5000000090,131100,3.88,8.99,COMMERCIAL,2022-10-31
540,Longhorn Kenya Ltd 1.00,KE2000002275,600,3.48,-4.92,COMMERCIAL,2022-10-31
539,Eveready East Africa Ltd Ord.1.00,KE0000000588,82500,0.68,-6.85,COMMERCIAL,2022-10-31
538,TPS Eastern Africa (Serena) Plc Ord 1.00,KE0000000539,11000,16.0,0.0,COMMERCIAL,2022-10-31
537,Uchumi Supermarket Ltd Ord 5.00,KE0000000489,23500,0.27,-3.57,COMMERCIAL,2022-10-31
536,Nation Media Group Ord. 2.50,KE0000000380,700,16.5,3.77,COMMERCIAL,2022-10-31
535,Sameer Africa Ltd Ord 5.00,KE0000000232,600,2.85,0.0,COMMERCIAL,2022-10-31
534,Kenya Airways Ltd Ord 5.00,KE0000000307,0,3.83,0.0,COMMERCIAL,2022-10-31
533,Deacons (East Africa) Plc Ord 2.50,KE5000005438,0,0.45,0.0,COMMERCIAL,2022-10-31
532,Scangroup Ltd Ord 1.00,KE0000000562,20200,3.14,-0.32,COMMERCIAL,2022-10-31
531,Express Ltd Ord 5.00,KE0000000224,100,3.0,2.04,COMMERCIAL,2022-10-31
530,Standard Group Ltd Ord 5.00,KE0000000455,200,10.1,-5.16,COMMERCIAL,2022-10-31
529,Bank of Kigali,KE5000008986,200,29.5,-5.6,BANKING,2022-10-31
528,IMH Holdings Ltd Ord 1.00,KE0000000125,300,17.0,1.8,BANKING,2022-10-31
527,Diamond Trust Bank Kenya Ltd Ord 4.00,KE0000000158,1400,47.75,-0.83,BANKING,2022-10-31
526,HF Group Plc Ord 5.00,KE0000000240,96600,3.04,0.33,BANKING,2022-10-31
525,ABSA Bank Kenya Plc Ord 0.50,KE0000000067,111100,11.25,0.9,BANKING,2022-10-31
524,Standard Chartered Bank Ltd Ord 5.00,KE0000000448,6600,138.25,-0.36,BANKING,2022-10-31
523,Stanbic Holdings Ltd ord.5.00,KE0000000091,800,96.25,-3.75,BANKING,2022-10-31
522,The Co-operative Bank of Kenya Ltd Ord 1.00,KE1000001568,112400,11.8,0.0,BANKING,2022-10-31
521,Equity Bank Ltd Ord 0.50,KE0000000554,13600,46.7,-0.21,BANKING,2022-10-31
520,National Bank of Kenya Ltd Ord 5.00,KE0000000398,0,4.12,0.0,BANKING,2022-10-31
519,NCBA Ltd 0rd 5.00,KE0000000406,11800,31.5,-2.33,BANKING,2022-10-31
518,Kenya Commercial Bank Ltd Ord 1.00,KE0000000315,369800,37.65,-0.13,BANKING,2022-10-31
517,Car and General (K) Ltd Ord 5.00,KE0000000109,2400,40.75,6.4,AUTOMOBILES,2022-10-31
516,Eaagads Ltd Ord 1.25,KE0000000208,0,11.0,0.0,AGRICULTURAL,2022-10-31
515,Kakuzi Ord.5.00,KE0000000281,0,420.0,0.0,AGRICULTURAL,2022-10-31
514,Sasini Ltd Ord 1.00,KE0000000430,24500,21.0,0.0,AGRICULTURAL,2022-10-31
472,Sameer Africa Ltd Ord 5.00,KE0000000232,4700,2.85,-1.72,COMMERCIAL,2022-10-28
448,Kapchorua Tea Co. Ltd Ord Ord 5.00,KE4000001760,1100,108.0,0.93,AGRICULTURAL,2022-10-28
449,Limuru Tea Co. Ltd Ord 20.00,KE0000000356,0,420.0,0.0,AGRICULTURAL,2022-10-28
450,Williamson Tea Kenya Ltd Ord 5.00,KE0000000505,600,164.25,-0.3,AGRICULTURAL,2022-10-28
451,Sasini Ltd Ord 1.00,KE0000000430,1000,21.0,0.0,AGRICULTURAL,2022-10-28
452,Kakuzi Ord.5.00,KE0000000281,200,420.0,0.0,AGRICULTURAL,2022-10-28
453,Eaagads Ltd Ord 1.25,KE0000000208,500,11.0,-5.17,AGRICULTURAL,2022-10-28
454,Car and General (K) Ltd Ord 5.00,KE0000000109,2500,38.3,3.51,AUTOMOBILES,2022-10-28
455,Kenya Commercial Bank Ltd Ord 1.00,KE0000000315,1992700,37.7,0.0,BANKING,2022-10-28
456,NCBA Ltd 0rd 5.00,KE0000000406,286200,32.25,2.71,BANKING,2022-10-28
457,National Bank of Kenya Ltd Ord 5.00,KE0000000398,0,4.12,0.0,BANKING,2022-10-28
458,Equity Bank Ltd Ord 0.50,KE0000000554,804000,46.8,-0.74,BANKING,2022-10-28
459,The Co-operative Bank of Kenya Ltd Ord 1.00,KE1000001568,101400,11.8,-0.42,BANKING,2022-10-28
460,Stanbic Holdings Ltd ord.5.00,KE0000000091,1000,100.0,5.26,BANKING,2022-10-28
461,Standard Chartered Bank Ltd Ord 5.00,KE0000000448,33900,138.75,-0.72,BANKING,2022-10-28
462,ABSA Bank Kenya Plc Ord 0.50,KE0000000067,69700,11.15,-1.76,BANKING,2022-10-28
463,HF Group Plc Ord 5.00,KE0000000240,49700,3.03,-4.72,BANKING,2022-10-28
464,Diamond Trust Bank Kenya Ltd Ord 4.00,KE0000000158,1000,48.15,0.31,BANKING,2022-10-28
465,IMH Holdings Ltd Ord 1.00,KE0000000125,66600,16.7,-0.6,BANKING,2022-10-28
466,Bank of Kigali,KE5000008986,600,31.25,0.0,BANKING,2022-10-28
467,Standard Group Ltd Ord 5.00,KE0000000455,0,10.65,0.0,COMMERCIAL,2022-10-28
468,Express Ltd Ord 5.00,KE0000000224,0,2.94,0.0,COMMERCIAL,2022-10-28
469,Scangroup Ltd Ord 1.00,KE0000000562,23500,3.15,1.94,COMMERCIAL,2022-10-28
470,Deacons (East Africa) Plc Ord 2.50,KE5000005438,0,0.45,0.0,COMMERCIAL,2022-10-28
471,Kenya Airways Ltd Ord 5.00,KE0000000307,0,3.83,0.0,COMMERCIAL,2022-10-28
473,Nation Media Group Ord. 2.50,KE0000000380,4700,15.9,-1.55,COMMERCIAL,2022-10-28
474,Uchumi Supermarket Ltd Ord 5.00,KE0000000489,11900,0.28,0.0,COMMERCIAL,2022-10-28
475,TPS Eastern Africa (Serena) Plc Ord 1.00,KE0000000539,3000,16.0,5.61,COMMERCIAL,2022-10-28
476,Eveready East Africa Ltd Ord.1.00,KE0000000588,5300,0.73,2.82,COMMERCIAL,2022-10-28
477,Longhorn Kenya Ltd 1.00,KE2000002275,52900,3.66,4.57,COMMERCIAL,2022-10-28
478,Nairobi Business Ventures Ltd,KE5000000090,5300,3.56,-6.07,COMMERCIAL,2022-10-28
479,E.A.Cables Ltd Ord 0.50,KE0000000174,7300,1.11,-0.89,CONSTRUCTION,2022-10-28
480,Athi River Mining Ord 5.00,KE0000000034,0,5.55,0.0,CONSTRUCTION,2022-10-28
481,E.A.Portland Cement Ltd Ord 5.00,KE0000000190,100,7.9,0.0,CONSTRUCTION,2022-10-28
482,Crown Berger Ltd 0rd 5.00,KE0000000141,0,41.9,0.0,CONSTRUCTION,2022-10-28
483,Bamburi Cement Ltd Ord 5.00,KE0000000059,25000,34.0,-0.58,CONSTRUCTION,2022-10-28
484,Total Kenya Ltd Ord 5.00,KE0000000463,600,23.65,2.6,ENERGY,2022-10-28
485,Kenya Power Lighting Co Plc Ord 20.00,KE0000000349,2683400,1.84,-5.15,ENERGY,2022-10-28
486,KenGen Ltd Ord. 2.50,KE0000000547,321300,3.39,-0.29,ENERGY,2022-10-28
487,Umeme Ltd Ord 0.50,UG0000001145,19400,7.5,-0.79,ENERGY,2022-10-28
488,Jubilee Holdings Ltd Ord 5.00,KE0000000273,600,230.0,0.44,INSURANCE,2022-10-28
489,Kenya Re-Insurance Corporation Ltd Ord 2.50,KE0000000604,108200,1.9,-3.06,INSURANCE,2022-10-28
490,CIC Insurance Group Plc Ord 1.00,KE2000002317,95900,1.97,0.51,INSURANCE,2022-10-28
491,Sanlam Insurance Holdings Ltd 0rd 5.00,KE0000000414,1400,8.5,-2.52,INSURANCE,2022-10-28
492,Liberty Insurance,KE2000002168,400,5.5,5.36,INSURANCE,2022-10-28
493,British-American Investments Ord 0.10,KE2000002192,28600,5.62,-0.71,INSURANCE,2022-10-28
494,Centum Investment Co Ltd Ord 0.50,KE0000000265,55900,8.3,-1.89,INVESTMENT,2022-10-28
495,Kurwitu Ventures,KE4000001216,0,1500.0,0.0,INVESTMENT,2022-10-28
496,Trans-Century Ltd Ord 0.50,KE2000002184,2500,1.16,5.45,INVESTMENT,2022-10-28
497,Olympia Capital Holdings ltd Ord 5.00,KE0000000166,300,2.49,3.75,INVESTMENT,2022-10-28
498,Home Afrika Ltd Ord 1.00,KE2000007258,95900,0.32,0.0,INVESTMENT,2022-10-28
499,Nairobi Securities Exchange 4.00,KE3000009674,61700,6.92,-5.72,INVESTMENT SERVICES,2022-10-28
500,Kenya Orchards Ltd Ord 5.00,KE0000000331,0,10.4,0.0,MANUFACTURING,2022-10-28
501,Unga Group Plc Ord 5.00,KE0000000497,0,29.4,0.0,MANUFACTURING,2022-10-28
502,East African Breweries PLC Ord 2.00,KE0000000216,39200,167.25,-0.3,MANUFACTURING,2022-10-28
503,British American Tobacco Kenya Ltd Ord 10.00,KE0000000075,600,434.0,0.35,MANUFACTURING,2022-10-28
504,Carbacid Investments Ltd Ord 5.00,KE0000000117,0,12.95,0.0,MANUFACTURING,2022-10-28
505,Mumias Sugar Co. Ltd Ord 2.00,KE0000000372,0,0.27,0.0,MANUFACTURING,2022-10-28
506,B.O.C Kenya Ltd Ord 5.00,KE0000000042,600,82.75,7.47,MANUFACTURING,2022-10-28
507,Flame Tree Group Holdings Ltd Ord 0.825,KE4000001323,1100,1.2,-3.23,MANUFACTURING,2022-10-28
508,Safaricom Ltd Ord 0.05,KE1000001402,5331000,24.85,-1.78,TELECOMMUNICATION,2022-10-28
509,Fahari I-REIT,KE5000003656,6200,6.34,-8.12,REAL ESTATE,2022-10-28
510,New Gold Issuer (RP) Ltd,ZAE000060067,0,1880.0,0.0,ETF,2022-10-28
385,Kapchorua Tea Co. Ltd Ord Ord 5.00,KE4000001760,100,107.0,1.9,AGRICULTURAL,2022-10-26
447,New Gold Issuer (RP) Ltd,ZAE000060067,0,1880.0,0.0,ETF,2022-10-26
446,Fahari I-REIT,KE5000003656,3300,6.66,9.9,REAL ESTATE,2022-10-26
445,Safaricom Ltd Ord 0.05,KE1000001402,1719200,24.4,-0.61,TELECOMMUNICATION,2022-10-26
444,Flame Tree Group Holdings Ltd Ord 0.825,KE4000001323,100,1.29,0.0,MANUFACTURING,2022-10-26
443,B.O.C Kenya Ltd Ord 5.00,KE0000000042,100,84.25,0.3,MANUFACTURING,2022-10-26
442,Mumias Sugar Co. Ltd Ord 2.00,KE0000000372,0,0.27,0.0,MANUFACTURING,2022-10-26
441,Carbacid Investments Ltd Ord 5.00,KE0000000117,46400,13.0,0.78,MANUFACTURING,2022-10-26
440,British American Tobacco Kenya Ltd Ord 10.00,KE0000000075,4300,433.75,0.06,MANUFACTURING,2022-10-26
439,East African Breweries PLC Ord 2.00,KE0000000216,157400,167.5,-0.74,MANUFACTURING,2022-10-26
438,Unga Group Plc Ord 5.00,KE0000000497,0,28.0,0.0,MANUFACTURING,2022-10-26
437,Kenya Orchards Ltd Ord 5.00,KE0000000331,0,10.4,0.0,MANUFACTURING,2022-10-26
436,Nairobi Securities Exchange 4.00,KE3000009674,25800,7.5,2.46,INVESTMENT SERVICES,2022-10-26
435,Home Afrika Ltd Ord 1.00,KE2000007258,304300,0.32,-5.88,INVESTMENT,2022-10-26
434,Olympia Capital Holdings ltd Ord 5.00,KE0000000166,20000,2.6,-1.89,INVESTMENT,2022-10-26
433,Trans-Century Ltd Ord 0.50,KE2000002184,2300,1.15,-3.36,INVESTMENT,2022-10-26
432,Kurwitu Ventures,KE4000001216,0,1500.0,0.0,INVESTMENT,2022-10-26
431,Centum Investment Co Ltd Ord 0.50,KE0000000265,31400,8.62,-3.79,INVESTMENT,2022-10-26
430,British-American Investments Ord 0.10,KE2000002192,32000,6.18,1.64,INSURANCE,2022-10-26
429,Liberty Insurance,KE2000002168,0,5.5,0.0,INSURANCE,2022-10-26
428,Sanlam Insurance Holdings Ltd 0rd 5.00,KE0000000414,100,9.8,0.0,INSURANCE,2022-10-26
427,CIC Insurance Group Plc Ord 1.00,KE2000002317,56900,1.98,-1.0,INSURANCE,2022-10-26
426,Kenya Re-Insurance Corporation Ltd Ord 2.50,KE0000000604,284100,1.89,1.61,INSURANCE,2022-10-26
425,Jubilee Holdings Ltd Ord 5.00,KE0000000273,1000,235.0,-1.98,INSURANCE,2022-10-26
424,Umeme Ltd Ord 0.50,UG0000001145,5200,7.7,6.65,ENERGY,2022-10-26
423,KenGen Ltd Ord. 2.50,KE0000000547,265700,3.4,0.0,ENERGY,2022-10-26
422,Kenya Power Lighting Co Plc Ord 20.00,KE0000000349,1072900,1.94,1.57,ENERGY,2022-10-26
421,Total Kenya Ltd Ord 5.00,KE0000000463,19700,24.95,8.48,ENERGY,2022-10-26
420,Bamburi Cement Ltd Ord 5.00,KE0000000059,18300,34.0,0.89,CONSTRUCTION,2022-10-26
419,Crown Berger Ltd 0rd 5.00,KE0000000141,1200,39.15,-6.79,CONSTRUCTION,2022-10-26
418,E.A.Portland Cement Ltd Ord 5.00,KE0000000190,5800,8.0,0.25,CONSTRUCTION,2022-10-26
417,Athi River Mining Ord 5.00,KE0000000034,0,5.55,0.0,CONSTRUCTION,2022-10-26
416,E.A.Cables Ltd Ord 0.50,KE0000000174,5600,1.08,-4.42,CONSTRUCTION,2022-10-26
415,Nairobi Business Ventures Ltd,KE5000000090,1000,3.95,0.0,COMMERCIAL,2022-10-26
414,Longhorn Kenya Ltd 1.00,KE2000002275,0,3.7,0.0,COMMERCIAL,2022-10-26
413,Eveready East Africa Ltd Ord.1.00,KE0000000588,50300,0.7,0.0,COMMERCIAL,2022-10-26
412,TPS Eastern Africa (Serena) Plc Ord 1.00,KE0000000539,11900,15.05,7.5,COMMERCIAL,2022-10-26
411,Uchumi Supermarket Ltd Ord 5.00,KE0000000489,13100,0.27,0.0,COMMERCIAL,2022-10-26
410,Nation Media Group Ord. 2.50,KE0000000380,24400,15.7,-4.56,COMMERCIAL,2022-10-26
409,Sameer Africa Ltd Ord 5.00,KE0000000232,0,2.82,0.0,COMMERCIAL,2022-10-26
408,Kenya Airways Ltd Ord 5.00,KE0000000307,0,3.83,0.0,COMMERCIAL,2022-10-26
407,Deacons (East Africa) Plc Ord 2.50,KE5000005438,0,0.45,0.0,COMMERCIAL,2022-10-26
406,Scangroup Ltd Ord 1.00,KE0000000562,6300,3.2,-3.32,COMMERCIAL,2022-10-26
405,Express Ltd Ord 5.00,KE0000000224,0,2.94,0.0,COMMERCIAL,2022-10-26
404,Standard Group Ltd Ord 5.00,KE0000000455,1800,10.8,-0.46,COMMERCIAL,2022-10-26
403,Bank of Kigali,KE5000008986,1500,30.0,0.0,BANKING,2022-10-26
402,IMH Holdings Ltd Ord 1.00,KE0000000125,21200,16.85,0.0,BANKING,2022-10-26
401,Diamond Trust Bank Kenya Ltd Ord 4.00,KE0000000158,87700,48.15,-1.03,BANKING,2022-10-26
400,HF Group Plc Ord 5.00,KE0000000240,6100,3.04,6.29,BANKING,2022-10-26
399,ABSA Bank Kenya Plc Ord 0.50,KE0000000067,92300,11.5,-0.86,BANKING,2022-10-26
398,Standard Chartered Bank Ltd Ord 5.00,KE0000000448,3300,139.0,0.18,BANKING,2022-10-26
397,Stanbic Holdings Ltd ord.5.00,KE0000000091,0,100.0,0.0,BANKING,2022-10-26
396,The Co-operative Bank of Kenya Ltd Ord 1.00,KE1000001568,1038400,11.8,-1.26,BANKING,2022-10-26
395,Equity Bank Ltd Ord 0.50,KE0000000554,5022000,46.65,-0.21,BANKING,2022-10-26
394,National Bank of Kenya Ltd Ord 5.00,KE0000000398,0,4.12,0.0,BANKING,2022-10-26
393,NCBA Ltd 0rd 5.00,KE0000000406,721600,30.8,1.32,BANKING,2022-10-26
392,Kenya Commercial Bank Ltd Ord 1.00,KE0000000315,224100,37.7,0.8,BANKING,2022-10-26
391,Car and General (K) Ltd Ord 5.00,KE0000000109,1200,36.05,1.84,AUTOMOBILES,2022-10-26
390,Eaagads Ltd Ord 1.25,KE0000000208,2100,11.8,0.0,AGRICULTURAL,2022-10-26
389,Kakuzi Ord.5.00,KE0000000281,0,420.0,0.0,AGRICULTURAL,2022-10-26
388,Sasini Ltd Ord 1.00,KE0000000430,1500,20.3,-3.1,AGRICULTURAL,2022-10-26
387,Williamson Tea Kenya Ltd Ord 5.00,KE0000000505,0,165.0,0.0,AGRICULTURAL,2022-10-26
386,Limuru Tea Co. Ltd Ord 20.00,KE0000000356,0,420.0,0.0,AGRICULTURAL,2022-10-26
327,Eaagads Ltd Ord 1.25,KE0000000208,500,12.9,0.39,AGRICULTURAL,2022-10-21
384,New Gold Issuer (RP) Ltd,ZAE000060067,0,1880.0,0.0,ETF,2022-10-21
383,Fahari I-REIT,KE5000003656,149000,6.5,-3.85,REAL ESTATE,2022-10-21
382,Safaricom Ltd Ord 0.05,KE1000001402,2163100,24.95,-2.16,TELECOMMUNICATION,2022-10-21
381,Flame Tree Group Holdings Ltd Ord 0.825,KE4000001323,100,1.3,-2.99,MANUFACTURING,2022-10-21
380,B.O.C Kenya Ltd Ord 5.00,KE0000000042,4500,84.0,0.0,MANUFACTURING,2022-10-21
379,Mumias Sugar Co. Ltd Ord 2.00,KE0000000372,0,0.27,0.0,MANUFACTURING,2022-10-21
378,Carbacid Investments Ltd Ord 5.00,KE0000000117,13700,12.55,4.58,MANUFACTURING,2022-10-21
377,British American Tobacco Kenya Ltd Ord 10.00,KE0000000075,400,434.0,-0.06,MANUFACTURING,2022-10-21
376,East African Breweries PLC Ord 2.00,KE0000000216,15700,168.75,-0.44,MANUFACTURING,2022-10-21
375,Unga Group Plc Ord 5.00,KE0000000497,400,27.0,-6.9,MANUFACTURING,2022-10-21
374,Kenya Orchards Ltd Ord 5.00,KE0000000331,0,10.4,0.0,MANUFACTURING,2022-10-21
373,Nairobi Securities Exchange 4.00,KE3000009674,9200,7.46,-0.53,INVESTMENT SERVICES,2022-10-21
372,Home Afrika Ltd Ord 1.00,KE2000007258,44200,0.34,0.0,INVESTMENT,2022-10-21
371,Olympia Capital Holdings ltd Ord 5.00,KE0000000166,200,2.5,0.0,INVESTMENT,2022-10-21
370,Trans-Century Ltd Ord 0.50,KE2000002184,12100,1.18,-0.84,INVESTMENT,2022-10-21
369,Kurwitu Ventures,KE4000001216,0,1500.0,0.0,INVESTMENT,2022-10-21
368,Centum Investment Co Ltd Ord 0.50,KE0000000265,7800,9.22,1.1,INVESTMENT,2022-10-21
367,British-American Investments Ord 0.10,KE2000002192,3300,6.2,1.64,INSURANCE,2022-10-21
366,Liberty Insurance,KE2000002168,400,5.9,7.27,INSURANCE,2022-10-21
365,Sanlam Insurance Holdings Ltd 0rd 5.00,KE0000000414,300,9.08,-8.1,INSURANCE,2022-10-21
364,CIC Insurance Group Plc Ord 1.00,KE2000002317,16800,2.01,0.5,INSURANCE,2022-10-21
363,Kenya Re-Insurance Corporation Ltd Ord 2.50,KE0000000604,63200,1.86,-6.06,INSURANCE,2022-10-21
362,Jubilee Holdings Ltd Ord 5.00,KE0000000273,400,237.5,-1.04,INSURANCE,2022-10-21
361,Umeme Ltd Ord 0.50,UG0000001145,46200,7.02,0.0,ENERGY,2022-10-21
360,KenGen Ltd Ord. 2.50,KE0000000547,195900,3.4,0.29,ENERGY,2022-10-21
359,Kenya Power Lighting Co Plc Ord 20.00,KE0000000349,241100,1.92,7.26,ENERGY,2022-10-21
358,Total Kenya Ltd Ord 5.00,KE0000000463,2200,23.2,1.09,ENERGY,2022-10-21
357,Bamburi Cement Ltd Ord 5.00,KE0000000059,2600,33.85,-0.44,CONSTRUCTION,2022-10-21
356,Crown Berger Ltd 0rd 5.00,KE0000000141,200,41.95,0.72,CONSTRUCTION,2022-10-21
355,E.A.Portland Cement Ltd Ord 5.00,KE0000000190,100,8.0,0.0,CONSTRUCTION,2022-10-21
354,Athi River Mining Ord 5.00,KE0000000034,0,5.55,0.0,CONSTRUCTION,2022-10-21
353,E.A.Cables Ltd Ord 0.50,KE0000000174,23100,1.06,-7.83,CONSTRUCTION,2022-10-21
352,Nairobi Business Ventures Ltd,KE5000000090,3400,3.8,2.15,COMMERCIAL,2022-10-21
351,Longhorn Kenya Ltd 1.00,KE2000002275,80600,3.37,-11.32,COMMERCIAL,2022-10-21
350,Eveready East Africa Ltd Ord.1.00,KE0000000588,9000,0.71,-4.05,COMMERCIAL,2022-10-21
349,TPS Eastern Africa (Serena) Plc Ord 1.00,KE0000000539,100,14.45,2.12,COMMERCIAL,2022-10-21
348,Uchumi Supermarket Ltd Ord 5.00,KE0000000489,17600,0.27,0.0,COMMERCIAL,2022-10-21
347,Nation Media Group Ord. 2.50,KE0000000380,17700,16.0,0.0,COMMERCIAL,2022-10-21
346,Sameer Africa Ltd Ord 5.00,KE0000000232,2200,2.99,2.75,COMMERCIAL,2022-10-21
345,Kenya Airways Ltd Ord 5.00,KE0000000307,0,3.83,0.0,COMMERCIAL,2022-10-21
344,Deacons (East Africa) Plc Ord 2.50,KE5000005438,0,0.45,0.0,COMMERCIAL,2022-10-21
343,Scangroup Ltd Ord 1.00,KE0000000562,800,3.3,-0.9,COMMERCIAL,2022-10-21
342,Express Ltd Ord 5.00,KE0000000224,0,2.94,0.0,COMMERCIAL,2022-10-21
341,Standard Group Ltd Ord 5.00,KE0000000455,2200,10.95,-8.75,COMMERCIAL,2022-10-21
340,Bank of Kigali,KE5000008986,200,31.0,0.81,BANKING,2022-10-21
339,IMH Holdings Ltd Ord 1.00,KE0000000125,99200,16.95,-0.29,BANKING,2022-10-21
338,Diamond Trust Bank Kenya Ltd Ord 4.00,KE0000000158,8300,49.0,0.93,BANKING,2022-10-21
337,HF Group Plc Ord 5.00,KE0000000240,16800,2.95,-1.01,BANKING,2022-10-21
336,ABSA Bank Kenya Plc Ord 0.50,KE0000000067,94800,11.6,-0.43,BANKING,2022-10-21
335,Standard Chartered Bank Ltd Ord 5.00,KE0000000448,13500,138.5,-0.18,BANKING,2022-10-21
334,Stanbic Holdings Ltd ord.5.00,KE0000000091,200,98.0,0.51,BANKING,2022-10-21
333,The Co-operative Bank of Kenya Ltd Ord 1.00,KE1000001568,46000,12.0,0.0,BANKING,2022-10-21
332,Equity Bank Ltd Ord 0.50,KE0000000554,5200,45.35,2.6,BANKING,2022-10-21
331,National Bank of Kenya Ltd Ord 5.00,KE0000000398,0,4.12,0.0,BANKING,2022-10-21
330,NCBA Ltd 0rd 5.00,KE0000000406,25200,30.25,0.67,BANKING,2022-10-21
329,Kenya Commercial Bank Ltd Ord 1.00,KE0000000315,5395400,36.55,-3.69,BANKING,2022-10-21
328,Car and General (K) Ltd Ord 5.00,KE0000000109,4700,35.35,-9.36,AUTOMOBILES,2022-10-21
326,Kakuzi Ord.5.00,KE0000000281,500,420.0,0.0,AGRICULTURAL,2022-10-21
325,Sasini Ltd Ord 1.00,KE0000000430,4500,20.95,4.49,AGRICULTURAL,2022-10-21
324,Williamson Tea Kenya Ltd Ord 5.00,KE0000000505,0,166.0,-0.15,AGRICULTURAL,2022-10-21
323,Limuru Tea Co. Ltd Ord 20.00,KE0000000356,0,420.0,0.0,AGRICULTURAL,2022-10-21
322,Kapchorua Tea Co. Ltd Ord Ord 5.00,KE4000001760,3000,105.0,-1.87,AGRICULTURAL,2022-10-21
254,Limuru Tea Co. Ltd Ord 20.00,KE0000000356,0,420.0,0.0,AGRICULTURAL,2022-10-18
321,New Gold Issuer (RP) Ltd,ZAE000060067,0,1880.0,0.0,ETF,2022-10-18
320,Fahari I-REIT,KE5000003656,5200,6.76,-2.87,REAL ESTATE,2022-10-18
319,Safaricom Ltd Ord 0.05,KE1000001402,1322500,25.5,0.0,TELECOMMUNICATION,2022-10-18
318,Flame Tree Group Holdings Ltd Ord 0.825,KE4000001323,7100,1.34,8.06,MANUFACTURING,2022-10-18
317,B.O.C Kenya Ltd Ord 5.00,KE0000000042,600,84.0,9.09,MANUFACTURING,2022-10-18
316,Mumias Sugar Co. Ltd Ord 2.00,KE0000000372,0,0.27,0.0,MANUFACTURING,2022-10-18
315,Carbacid Investments Ltd Ord 5.00,KE0000000117,113100,12.0,0.84,MANUFACTURING,2022-10-18
314,British American Tobacco Kenya Ltd Ord 10.00,KE0000000075,11200,434.25,-0.57,MANUFACTURING,2022-10-18
313,East African Breweries PLC Ord 2.00,KE0000000216,404300,169.5,-0.73,MANUFACTURING,2022-10-18
312,Unga Group Plc Ord 5.00,KE0000000497,100,29.0,-3.33,MANUFACTURING,2022-10-18
311,Kenya Orchards Ltd Ord 5.00,KE0000000331,0,10.4,0.0,MANUFACTURING,2022-10-18
310,Nairobi Securities Exchange 4.00,KE3000009674,20700,7.5,0.0,INVESTMENT SERVICES,2022-10-18
309,Home Afrika Ltd Ord 1.00,KE2000007258,402600,0.34,-5.56,INVESTMENT,2022-10-18
308,Olympia Capital Holdings ltd Ord 5.00,KE0000000166,200,2.5,9.65,INVESTMENT,2022-10-18
307,Trans-Century Ltd Ord 0.50,KE2000002184,600,1.19,0.85,INVESTMENT,2022-10-18
306,Kurwitu Ventures,KE4000001216,0,1500.0,0.0,INVESTMENT,2022-10-18
305,Centum Investment Co Ltd Ord 0.50,KE0000000265,9600,9.12,1.79,INVESTMENT,2022-10-18
304,Bamburi Cement Ltd Ord 5.00,KE0000000059,1300,34.0,0.0,INSURANCE,2022-10-18
303,Crown Berger Ltd 0rd 5.00,KE0000000141,600,41.65,0.36,INSURANCE,2022-10-18
302,E.A.Portland Cement Ltd Ord 5.00,KE0000000190,200,8.0,1.27,INSURANCE,2022-10-18
301,Athi River Mining Ord 5.00,KE0000000034,0,5.55,0.0,INSURANCE,2022-10-18
300,E.A.Cables Ltd Ord 0.50,KE0000000174,14100,1.15,0.88,INSURANCE,2022-10-18
299,Umeme Ltd Ord 0.50,UG0000001145,27300,7.02,-6.4,ENERGY,2022-10-18
298,KenGen Ltd Ord. 2.50,KE0000000547,3536000,3.39,-0.29,ENERGY,2022-10-18
297,Kenya Power Lighting Co Plc Ord 20.00,KE0000000349,170600,1.79,0.56,ENERGY,2022-10-18
296,Total Kenya Ltd Ord 5.00,KE0000000463,5900,22.95,0.0,ENERGY,2022-10-18
295,Nairobi Business Ventures Ltd,KE5000000090,14900,3.72,0.81,CONSTRUCTION,2022-10-18
294,Longhorn Kenya Ltd 1.00,KE2000002275,1300,3.8,2.15,CONSTRUCTION,2022-10-18
293,Eveready East Africa Ltd Ord.1.00,KE0000000588,21800,0.74,-1.33,CONSTRUCTION,2022-10-18
292,TPS Eastern Africa (Serena) Plc Ord 1.00,KE0000000539,800,14.15,1.07,CONSTRUCTION,2022-10-18
291,Uchumi Supermarket Ltd Ord 5.00,KE0000000489,25400,0.27,0.0,CONSTRUCTION,2022-10-18
290,Nation Media Group Ord. 2.50,KE0000000380,2000,16.0,1.27,CONSTRUCTION,2022-10-18
289,Sameer Africa Ltd Ord 5.00,KE0000000232,5500,2.91,-3.0,CONSTRUCTION,2022-10-18
288,Kenya Airways Ltd Ord 5.00,KE0000000307,0,3.83,0.0,CONSTRUCTION,2022-10-18
287,Deacons (East Africa) Plc Ord 2.50,KE5000005438,0,0.45,0.0,CONSTRUCTION,2022-10-18
286,Scangroup Ltd Ord 1.00,KE0000000562,4200,3.33,2.15,CONSTRUCTION,2022-10-18
285,Express Ltd Ord 5.00,KE0000000224,0,2.94,0.0,CONSTRUCTION,2022-10-18
284,Standard Group Ltd Ord 5.00,KE0000000455,100,12.0,0.0,CONSTRUCTION,2022-10-18
283,Nairobi Business Ventures Ltd,KE5000000090,14900,3.72,0.81,COMMERCIAL,2022-10-18
282,Longhorn Kenya Ltd 1.00,KE2000002275,1300,3.8,2.15,COMMERCIAL,2022-10-18
281,Eveready East Africa Ltd Ord.1.00,KE0000000588,21800,0.74,-1.33,COMMERCIAL,2022-10-18
280,TPS Eastern Africa (Serena) Plc Ord 1.00,KE0000000539,800,14.15,1.07,COMMERCIAL,2022-10-18
279,Uchumi Supermarket Ltd Ord 5.00,KE0000000489,25400,0.27,0.0,COMMERCIAL,2022-10-18
278,Nation Media Group Ord. 2.50,KE0000000380,2000,16.0,1.27,COMMERCIAL,2022-10-18
277,Sameer Africa Ltd Ord 5.00,KE0000000232,5500,2.91,-3.0,COMMERCIAL,2022-10-18
276,Kenya Airways Ltd Ord 5.00,KE0000000307,0,3.83,0.0,COMMERCIAL,2022-10-18
275,Deacons (East Africa) Plc Ord 2.50,KE5000005438,0,0.45,0.0,COMMERCIAL,2022-10-18
274,Scangroup Ltd Ord 1.00,KE0000000562,4200,3.33,2.15,COMMERCIAL,2022-10-18
273,Express Ltd Ord 5.00,KE0000000224,0,2.94,0.0,COMMERCIAL,2022-10-18
272,Standard Group Ltd Ord 5.00,KE0000000455,100,12.0,0.0,COMMERCIAL,2022-10-18
271,Bank of Kigali,KE5000008986,0,30.75,0.0,BANKING,2022-10-18
270,IMH Holdings Ltd Ord 1.00,KE0000000125,49700,17.0,0.0,BANKING,2022-10-18
269,Diamond Trust Bank Kenya Ltd Ord 4.00,KE0000000158,110000,48.55,-0.21,BANKING,2022-10-18
268,HF Group Plc Ord 5.00,KE0000000240,20800,2.98,-0.67,BANKING,2022-10-18
267,ABSA Bank Kenya Plc Ord 0.50,KE0000000067,56900,11.65,2.64,BANKING,2022-10-18
266,Standard Chartered Bank Ltd Ord 5.00,KE0000000448,11600,138.75,0.0,BANKING,2022-10-18
265,Stanbic Holdings Ltd ord.5.00,KE0000000091,1100,97.5,0.52,BANKING,2022-10-18
264,The Co-operative Bank of Kenya Ltd Ord 1.00,KE1000001568,229600,12.0,0.0,BANKING,2022-10-18
263,Equity Bank Ltd Ord 0.50,KE0000000554,256600,44.2,-0.45,BANKING,2022-10-18
262,National Bank of Kenya Ltd Ord 5.00,KE0000000398,0,4.12,0.0,BANKING,2022-10-18
261,NCBA Ltd 0rd 5.00,KE0000000406,71300,30.05,-0.5,BANKING,2022-10-18
260,Kenya Commercial Bank Ltd Ord 1.00,KE0000000315,195800,37.95,-0.52,BANKING,2022-10-18
259,Car and General (K) Ltd Ord 5.00,KE0000000109,3000,39.0,0.0,AUTOMOBILES,2022-10-18
253,Kapchorua Tea Co. Ltd Ord Ord 5.00,KE4000001760,0,107.0,0.0,AGRICULTURAL,2022-10-18
258,Eaagads Ltd Ord 1.25,KE0000000208,600,12.85,8.9,AGRICULTURAL,2022-10-18
257,Kakuzi Ord.5.00,KE0000000281,0,420.0,0.0,AGRICULTURAL,2022-10-18
256,Sasini Ltd Ord 1.00,KE0000000430,1300,20.05,-1.96,AGRICULTURAL,2022-10-18
255,Williamson Tea Kenya Ltd Ord 5.00,KE0000000505,2300,166.25,-0.45,AGRICULTURAL,2022-10-18
225,E.A.Portland Cement Ltd Ord 5.00,KE0000000190,1200,7.9,0.0,CONSTRUCTION,2022-10-17
252,New Gold Issuer (RP) Ltd,ZAE000060067,100,1880.0,-6.23,ETF,2022-10-17
251,Fahari I-REIT,KE5000003656,12400,6.96,-1.69,REAL ESTATE,2022-10-17
250,Safaricom Ltd Ord 0.05,KE1000001402,884700,25.5,-1.35,TELECOMMUNICATION,2022-10-17
249,Mumias Sugar Co. Ltd Ord 2.00,KE0000000372,0,0.27,0.0,MANUFACTURING,2022-10-17
248,Carbacid Investments Ltd Ord 5.00,KE0000000117,14700,11.9,-0.83,MANUFACTURING,2022-10-17
247,British American Tobacco Kenya Ltd Ord 10.00,KE0000000075,500,436.75,-0.29,MANUFACTURING,2022-10-17
246,East African Breweries PLC Ord 2.00,KE0000000216,459500,170.75,23.73,MANUFACTURING,2022-10-17
245,Unga Group Plc Ord 5.00,KE0000000497,0,30.0,0.0,MANUFACTURING,2022-10-17
244,Kenya Orchards Ltd Ord 5.00,KE0000000331,0,10.4,0.0,MANUFACTURING,2022-10-17
243,Flame Tree Group Holdings Ltd Ord 0.825,KE4000001323,25500,1.24,8.77,MANUFACTURING,2022-10-17
242,B.O.C Kenya Ltd Ord 5.00,KE0000000042,1000,77.0,-8.61,MANUFACTURING,2022-10-17
241,Nairobi Securities Exchange 4.00,KE3000009674,7700,7.5,-0.53,INVESTMENT SERVICES,2022-10-17
240,Centum Investment Co Ltd Ord 0.50,KE0000000265,26200,8.96,0.45,INVESTMENT,2022-10-17
239,Home Afrika Ltd Ord 1.00,KE2000007258,393900,0.36,0.0,INVESTMENT,2022-10-17
238,Olympia Capital Holdings ltd Ord 5.00,KE0000000166,100,2.28,0.0,INVESTMENT,2022-10-17
237,Trans-Century Ltd Ord 0.50,KE2000002184,6700,1.18,3.51,INVESTMENT,2022-10-17
236,Kurwitu Ventures,KE4000001216,0,1500.0,0.0,INVESTMENT,2022-10-17
235,Kenya Re-Insurance Corporation Ltd Ord 2.50,KE0000000604,377300,1.91,-2.55,INSURANCE,2022-10-17
234,Jubilee Holdings Ltd Ord 5.00,KE0000000273,1100,240.0,0.0,INSURANCE,2022-10-17
233,British-American Investments Ord 0.10,KE2000002192,43200,5.92,-2.95,INSURANCE,2022-10-17
232,Liberty Insurance,KE2000002168,10100,5.5,2.23,INSURANCE,2022-10-17
231,Sanlam Insurance Holdings Ltd 0rd 5.00,KE0000000414,16900,9.0,-1.1,INSURANCE,2022-10-17
230,CIC Insurance Group Plc Ord 1.00,KE2000002317,96400,1.99,5.29,INSURANCE,2022-10-17
229,KenGen Ltd Ord. 2.50,KE0000000547,146300,3.4,-0.29,ENERGY,2022-10-17
228,Kenya Power Lighting Co Plc Ord 20.00,KE0000000349,1354100,1.78,0.0,ENERGY,2022-10-17
227,Total Kenya Ltd Ord 5.00,KE0000000463,3600,22.95,0.88,ENERGY,2022-10-17
226,Umeme Ltd Ord 0.50,UG0000001145,1300,7.5,1.63,ENERGY,2022-10-17
224,Athi River Mining Ord 5.00,KE0000000034,0,5.55,0.0,CONSTRUCTION,2022-10-17
223,E.A.Cables Ltd Ord 0.50,KE0000000174,6200,1.14,1.79,CONSTRUCTION,2022-10-17
222,Bamburi Cement Ltd Ord 5.00,KE0000000059,600,34.0,4.13,CONSTRUCTION,2022-10-17
221,Crown Berger Ltd 0rd 5.00,KE0000000141,0,41.5,6.0,CONSTRUCTION,2022-10-17
220,Scangroup Ltd Ord 1.00,KE0000000562,1700,3.26,1.56,COMMERCIAL,2022-10-17
219,Express Ltd Ord 5.00,KE0000000224,1200,2.94,0.68,COMMERCIAL,2022-10-17
218,Standard Group Ltd Ord 5.00,KE0000000455,600,12.0,4.8,COMMERCIAL,2022-10-17
217,Nairobi Business Ventures Ltd,KE5000000090,19300,3.69,5.43,COMMERCIAL,2022-10-17
216,Longhorn Kenya Ltd 1.00,KE2000002275,2700,3.72,-7.0,COMMERCIAL,2022-10-17
215,Eveready East Africa Ltd Ord.1.00,KE0000000588,7400,0.75,0.0,COMMERCIAL,2022-10-17
214,TPS Eastern Africa (Serena) Plc Ord 1.00,KE0000000539,10200,14.0,7.69,COMMERCIAL,2022-10-17
213,Uchumi Supermarket Ltd Ord 5.00,KE0000000489,13000,0.27,3.85,COMMERCIAL,2022-10-17
212,Nation Media Group Ord. 2.50,KE0000000380,20900,15.8,-0.94,COMMERCIAL,2022-10-17
211,Sameer Africa Ltd Ord 5.00,KE0000000232,3200,3.0,1.69,COMMERCIAL,2022-10-17
210,Kenya Airways Ltd Ord 5.00,KE0000000307,0,3.83,0.0,COMMERCIAL,2022-10-17
209,Deacons (East Africa) Plc Ord 2.50,KE5000005438,0,0.45,0.0,COMMERCIAL,2022-10-17
208,The Co-operative Bank of Kenya Ltd Ord 1.00,KE1000001568,88700,12.0,1.27,BANKING,2022-10-17
207,Equity Bank Ltd Ord 0.50,KE0000000554,35500,44.4,1.02,BANKING,2022-10-17
206,National Bank of Kenya Ltd Ord 5.00,KE0000000398,0,4.12,0.0,BANKING,2022-10-17
205,NCBA Ltd 0rd 5.00,KE0000000406,6300,30.2,-0.17,BANKING,2022-10-17
204,Kenya Commercial Bank Ltd Ord 1.00,KE0000000315,314400,38.15,-2.05,BANKING,2022-10-17
203,Bank of Kigali,KE5000008986,200,30.75,2.5,BANKING,2022-10-17
202,IMH Holdings Ltd Ord 1.00,KE0000000125,1000,17.0,0.0,BANKING,2022-10-17
201,Diamond Trust Bank Kenya Ltd Ord 4.00,KE0000000158,25800,48.65,0.1,BANKING,2022-10-17
200,HF Group Plc Ord 5.00,KE0000000240,57200,3.0,-2.91,BANKING,2022-10-17
199,ABSA Bank Kenya Plc Ord 0.50,KE0000000067,111900,11.35,2.25,BANKING,2022-10-17
198,Standard Chartered Bank Ltd Ord 5.00,KE0000000448,6000,138.75,2.78,BANKING,2022-10-17
197,Stanbic Holdings Ltd ord.5.00,KE0000000091,1200,97.0,0.0,BANKING,2022-10-17
196,Car and General (K) Ltd Ord 5.00,KE0000000109,200,39.0,-8.77,AUTOMOBILES,2022-10-17
195,Limuru Tea Co. Ltd Ord 20.00,KE0000000356,0,420.0,0.0,AGRICULTURAL,2022-10-17
194,Kapchorua Tea Co. Ltd Ord Ord 5.00,KE4000001760,300,107.0,-9.13,AGRICULTURAL,2022-10-17
193,Eaagads Ltd Ord 1.25,KE0000000208,2600,11.8,-9.23,AGRICULTURAL,2022-10-17
192,Kakuzi Ord.5.00,KE0000000281,200,420.0,0.0,AGRICULTURAL,2022-10-17
191,Sasini Ltd Ord 1.00,KE0000000430,3600,20.45,-5.1,AGRICULTURAL,2022-10-17
190,Williamson Tea Kenya Ltd Ord 5.00,KE0000000505,200,167.0,-0.6,AGRICULTURAL,2022-10-17
127,Kapchorua Tea Co. Ltd Ord Ord 5.00,KE4000001760,0,117.75,0.0,AGRICULTURAL,2022-10-14
189,New Gold Issuer (RP) Ltd,ZAE000060067,0,2005.0,0.0,ETF,2022-10-14
188,Fahari I-REIT,KE5000003656,4200,7.08,1.14,REAL ESTATE,2022-10-14
187,Safaricom Ltd Ord 0.05,KE1000001402,3895200,25.85,-1.9,TELECOMMUNICATION,2022-10-14
186,Flame Tree Group Holdings Ltd Ord 0.825,KE4000001323,200,1.14,-9.52,MANUFACTURING,2022-10-14
185,B.O.C Kenya Ltd Ord 5.00,KE0000000042,0,84.25,0.0,MANUFACTURING,2022-10-14
184,Mumias Sugar Co. Ltd Ord 2.00,KE0000000372,0,0.27,0.0,MANUFACTURING,2022-10-14
183,Carbacid Investments Ltd Ord 5.00,KE0000000117,32700,12.0,2.56,MANUFACTURING,2022-10-14
182,British American Tobacco Kenya Ltd Ord 10.00,KE0000000075,100,438.0,-0.62,MANUFACTURING,2022-10-14
181,East African Breweries PLC Ord 2.00,KE0000000216,95500,138.0,0.36,MANUFACTURING,2022-10-14
180,Unga Group Plc Ord 5.00,KE0000000497,0,30.0,0.0,MANUFACTURING,2022-10-14
179,Kenya Orchards Ltd Ord 5.00,KE0000000331,0,10.4,0.0,MANUFACTURING,2022-10-14
178,Nairobi Securities Exchange 4.00,KE3000009674,31800,7.54,-0.26,INVESTMENT SERVICES,2022-10-14
177,Home Afrika Ltd Ord 1.00,KE2000007258,61000,0.36,0.0,INVESTMENT,2022-10-14
176,Olympia Capital Holdings ltd Ord 5.00,KE0000000166,0,2.28,0.0,INVESTMENT,2022-10-14
175,Trans-Century Ltd Ord 0.50,KE2000002184,1600,1.14,1.79,INVESTMENT,2022-10-14
174,Kurwitu Ventures,KE4000001216,0,1500.0,0.0,INVESTMENT,2022-10-14
173,Centum Investment Co Ltd Ord 0.50,KE0000000265,42100,8.92,0.68,INVESTMENT,2022-10-14
172,British-American Investments Ord 0.10,KE2000002192,2000,6.1,0.33,INSURANCE,2022-10-14
171,Liberty Insurance,KE2000002168,3900,5.38,7.6,INSURANCE,2022-10-14
170,Sanlam Insurance Holdings Ltd 0rd 5.00,KE0000000414,100,9.1,0.89,INSURANCE,2022-10-14
169,CIC Insurance Group Plc Ord 1.00,KE2000002317,207200,1.89,-5.5,INSURANCE,2022-10-14
168,Kenya Re-Insurance Corporation Ltd Ord 2.50,KE0000000604,76800,1.96,2.08,INSURANCE,2022-10-14
167,Jubilee Holdings Ltd Ord 5.00,KE0000000273,100,240.0,3.56,INSURANCE,2022-10-14
166,Umeme Ltd Ord 0.50,UG0000001145,9800,7.38,0.0,ENERGY,2022-10-14
165,KenGen Ltd Ord. 2.50,KE0000000547,464500,3.41,-1.16,ENERGY,2022-10-14
164,Kenya Power Lighting Co Plc Ord 20.00,KE0000000349,843500,1.78,-1.11,ENERGY,2022-10-14
163,Total Kenya Ltd Ord 5.00,KE0000000463,7600,22.75,-5.41,ENERGY,2022-10-14
162,Bamburi Cement Ltd Ord 5.00,KE0000000059,8300,32.65,1.71,CONSTRUCTION,2022-10-14
161,Crown Berger Ltd 0rd 5.00,KE0000000141,100,39.15,2.49,CONSTRUCTION,2022-10-14
160,E.A.Portland Cement Ltd Ord 5.00,KE0000000190,100,7.9,-1.0,CONSTRUCTION,2022-10-14
159,Athi River Mining Ord 5.00,KE0000000034,0,5.55,0.0,CONSTRUCTION,2022-10-14
158,E.A.Cables Ltd Ord 0.50,KE0000000174,6200,1.12,-1.75,CONSTRUCTION,2022-10-14
157,Nairobi Business Ventures Ltd,KE5000000090,62900,3.5,-5.15,COMMERCIAL,2022-10-14
156,Longhorn Kenya Ltd 1.00,KE2000002275,26200,4.0,0.0,COMMERCIAL,2022-10-14
155,Eveready East Africa Ltd Ord.1.00,KE0000000588,10100,0.75,0.0,COMMERCIAL,2022-10-14
154,TPS Eastern Africa (Serena) Plc Ord 1.00,KE0000000539,0,13.0,0.0,COMMERCIAL,2022-10-14
153,Uchumi Supermarket Ltd Ord 5.00,KE0000000489,101400,0.26,0.0,COMMERCIAL,2022-10-14
152,Nation Media Group Ord. 2.50,KE0000000380,7500,15.95,0.0,COMMERCIAL,2022-10-14
151,Sameer Africa Ltd Ord 5.00,KE0000000232,8600,2.95,-6.35,COMMERCIAL,2022-10-14
150,Kenya Airways Ltd Ord 5.00,KE0000000307,0,3.83,0.0,COMMERCIAL,2022-10-14
149,Deacons (East Africa) Plc Ord 2.50,KE5000005438,0,0.45,0.0,COMMERCIAL,2022-10-14
148,Scangroup Ltd Ord 1.00,KE0000000562,5100,3.21,-1.23,COMMERCIAL,2022-10-14
147,Express Ltd Ord 5.00,KE0000000224,0,2.92,0.0,COMMERCIAL,2022-10-14
146,Standard Group Ltd Ord 5.00,KE0000000455,10600,11.45,-4.58,COMMERCIAL,2022-10-14
145,Bank of Kigali,KE5000008986,0,30.0,0.0,BANKING,2022-10-14
144,IMH Holdings Ltd Ord 1.00,KE0000000125,5800,17.0,0.59,BANKING,2022-10-14
143,Diamond Trust Bank Kenya Ltd Ord 4.00,KE0000000158,37900,48.6,-0.92,BANKING,2022-10-14
142,HF Group Plc Ord 5.00,KE0000000240,70100,3.09,-0.32,BANKING,2022-10-14
141,ABSA Bank Kenya Plc Ord 0.50,KE0000000067,50300,11.1,1.37,BANKING,2022-10-14
140,Standard Chartered Bank Ltd Ord 5.00,KE0000000448,1900,135.0,-0.55,BANKING,2022-10-14
139,Stanbic Holdings Ltd ord.5.00,KE0000000091,1000,97.0,0.0,BANKING,2022-10-14
138,The Co-operative Bank of Kenya Ltd Ord 1.00,KE1000001568,139900,11.85,0.0,BANKING,2022-10-14
137,Equity Bank Ltd Ord 0.50,KE0000000554,1541400,43.95,-0.68,BANKING,2022-10-14
136,National Bank of Kenya Ltd Ord 5.00,KE0000000398,0,4.12,0.0,BANKING,2022-10-14
135,NCBA Ltd 0rd 5.00,KE0000000406,12200,30.25,-6.49,BANKING,2022-10-14
134,Kenya Commercial Bank Ltd Ord 1.00,KE0000000315,277400,38.95,-0.38,BANKING,2022-10-14
133,Car and General (K) Ltd Ord 5.00,KE0000000109,0,42.75,0.0,AUTOMOBILES,2022-10-14
132,Eaagads Ltd Ord 1.25,KE0000000208,0,13.0,0.0,AGRICULTURAL,2022-10-14
131,Kakuzi Ord.5.00,KE0000000281,0,420.0,0.0,AGRICULTURAL,2022-10-14
130,Sasini Ltd Ord 1.00,KE0000000430,800,21.55,-1.82,AGRICULTURAL,2022-10-14
129,Williamson Tea Kenya Ltd Ord 5.00,KE0000000505,0,168.0,0.0,AGRICULTURAL,2022-10-14
128,Limuru Tea Co. Ltd Ord 20.00,KE0000000356,0,420.0,0.0,AGRICULTURAL,2022-10-14
73,Diamond Trust Bank Kenya Ltd Ord 4.00       ,KE0000000158,8700    ,49.05            ,1.13      ,BANKING            ,2022-10-12
126,New Gold Issuer (RP) Ltd                    ,ZAE000060067,60000   ,2005.0           ,1.52      ,ETF                ,2022-10-12
125,Fahari I-REIT                               ,KE5000003656,5800    ,7.0              ,0.0       ,REAL ESTATE        ,2022-10-12
124,Safaricom Ltd Ord 0.05                      ,KE1000001402,12788300,26.35            ,1.54      ,TELECOMMUNICATION  ,2022-10-12
123,Mumias Sugar Co. Ltd Ord 2.00               ,KE0000000372,0       ,0.27             ,0.0       ,MANUFACTURING      ,2022-10-12
122,Carbacid Investments Ltd Ord 5.00           ,KE0000000117,76300   ,11.7             ,-2.09     ,MANUFACTURING      ,2022-10-12
121,British American Tobacco Kenya Ltd Ord 10.00,KE0000000075,600     ,440.75           ,0.4       ,MANUFACTURING      ,2022-10-12
120,East African Breweries PLC Ord 2.00         ,KE0000000216,8300    ,137.5            ,0.18      ,MANUFACTURING      ,2022-10-12
119,Unga Group Plc Ord 5.00                     ,KE0000000497,200     ,30.0             ,0.0       ,MANUFACTURING      ,2022-10-12
118,Kenya Orchards Ltd Ord 5.00                 ,KE0000000331,0       ,10.4             ,0.0       ,MANUFACTURING      ,2022-10-12
117,Flame Tree Group Holdings Ltd Ord 0.825     ,KE4000001323,14600   ,1.26             ,0.0       ,MANUFACTURING      ,2022-10-12
116,B.O.C Kenya Ltd Ord 5.00                    ,KE0000000042,0       ,84.25            ,0.0       ,MANUFACTURING      ,2022-10-12
115,Nairobi Securities Exchange 4.00            ,KE3000009674,1800    ,7.56             ,0.8       ,INVESTMENT SERVICES,2022-10-12
114,Trans-Century Ltd Ord 0.50                  ,KE2000002184,9300    ,1.12             ,-6.67     ,INVESTMENT         ,2022-10-12
113,Kurwitu Ventures                            ,KE4000001216,0       ,1500.0           ,0.0       ,INVESTMENT         ,2022-10-12
112,Centum Investment Co Ltd Ord 0.50           ,KE0000000265,55400   ,8.86             ,-0.67     ,INVESTMENT         ,2022-10-12
111,Home Afrika Ltd Ord 1.00                    ,KE2000007258,178100  ,0.36             ,-2.7      ,INVESTMENT         ,2022-10-12
110,Olympia Capital Holdings ltd Ord 5.00       ,KE0000000166,4100    ,2.28             ,0.44      ,INVESTMENT         ,2022-10-12
109,CIC Insurance Group Plc Ord 1.00            ,KE2000002317,174100  ,2.0              ,-0.99     ,INSURANCE          ,2022-10-12
108,Kenya Re-Insurance Corporation Ltd Ord 2.50 ,KE0000000604,46100   ,1.92             ,0.52      ,INSURANCE          ,2022-10-12
107,Jubilee Holdings Ltd Ord 5.00               ,KE0000000273,2600    ,231.75           ,-4.24     ,INSURANCE          ,2022-10-12
106,British-American Investments Ord 0.10       ,KE2000002192,37100   ,6.08             ,3.75      ,INSURANCE          ,2022-10-12
105,Liberty Insurance                           ,KE2000002168,0       ,5.0              ,0.0       ,INSURANCE          ,2022-10-12
104,Sanlam Insurance Holdings Ltd 0rd 5.00      ,KE0000000414,36900   ,9.02             ,-9.8      ,INSURANCE          ,2022-10-12
103,KenGen Ltd Ord. 2.50                        ,KE0000000547,104300  ,3.45             ,-0.29     ,ENERGY             ,2022-10-12
102,Kenya Power Lighting Co Plc Ord 20.00       ,KE0000000349,6725800 ,1.8              ,0.0       ,ENERGY             ,2022-10-12
101,Total Kenya Ltd Ord 5.00                    ,KE0000000463,0       ,24.05            ,0.0       ,ENERGY             ,2022-10-12
100,Umeme Ltd Ord 0.50                          ,UG0000001145,400     ,7.38             ,-0.27     ,ENERGY             ,2022-10-12
99,Crown Berger Ltd 0rd 5.00                   ,KE0000000141,2800    ,38.2             ,-2.18     ,CONSTRUCTION       ,2022-10-12
98,E.A.Portland Cement Ltd Ord 5.00            ,KE0000000190,0       ,7.98             ,0.0       ,CONSTRUCTION       ,2022-10-12
97,Athi River Mining Ord 5.00                  ,KE0000000034,0       ,5.55             ,0.0       ,CONSTRUCTION       ,2022-10-12
96,E.A.Cables Ltd Ord 0.50                     ,KE0000000174,3500    ,1.14             ,1.79      ,CONSTRUCTION       ,2022-10-12
95,Bamburi Cement Ltd Ord 5.00                 ,KE0000000059,36400   ,32.1             ,-1.38     ,CONSTRUCTION       ,2022-10-12
94,Sameer Africa Ltd Ord 5.00                  ,KE0000000232,1100    ,3.15             ,-1.56     ,COMMERCIAL         ,2022-10-12
93,Kenya Airways Ltd Ord 5.00                  ,KE0000000307,0       ,3.83             ,0.0       ,COMMERCIAL         ,2022-10-12
92,Deacons (East Africa) Plc Ord 2.50          ,KE5000005438,0       ,0.45             ,0.0       ,COMMERCIAL         ,2022-10-12
91,Scangroup Ltd Ord 1.00                      ,KE0000000562,5800    ,3.25             ,5.18      ,COMMERCIAL         ,2022-10-12
90,Express Ltd Ord 5.00                        ,KE0000000224,0       ,2.92             ,0.0       ,COMMERCIAL         ,2022-10-12
89,Standard Group Ltd Ord 5.00                 ,KE0000000455,0       ,12.0             ,0.0       ,COMMERCIAL         ,2022-10-12
88,Nairobi Business Ventures Ltd               ,KE5000000090,430800  ,3.69             ,5.13      ,COMMERCIAL         ,2022-10-12
87,Longhorn Kenya Ltd 1.00                     ,KE2000002275,23100   ,4.0              ,0.0       ,COMMERCIAL         ,2022-10-12
86,Eveready East Africa Ltd Ord.1.00           ,KE0000000588,16800   ,0.75             ,0.0       ,COMMERCIAL         ,2022-10-12
85,TPS Eastern Africa (Serena) Plc Ord 1.00    ,KE0000000539,500     ,13.0             ,-7.14     ,COMMERCIAL         ,2022-10-12
84,Uchumi Supermarket Ltd Ord 5.00             ,KE0000000489,121800  ,0.26             ,-3.7      ,COMMERCIAL         ,2022-10-12
83,Nation Media Group Ord. 2.50                ,KE0000000380,49200   ,15.95            ,-1.24     ,COMMERCIAL         ,2022-10-12
82,Standard Chartered Bank Ltd Ord 5.00        ,KE0000000448,7800    ,135.75           ,0.0       ,BANKING            ,2022-10-12
81,Stanbic Holdings Ltd ord.5.00               ,KE0000000091,800     ,97.0             ,2.11      ,BANKING            ,2022-10-12
80,The Co-operative Bank of Kenya Ltd Ord 1.00 ,KE1000001568,155500  ,11.85            ,-0.42     ,BANKING            ,2022-10-12
79,Equity Bank Ltd Ord 0.50                    ,KE0000000554,412900  ,44.25            ,-0.56     ,BANKING            ,2022-10-12
78,National Bank of Kenya Ltd Ord 5.00         ,KE0000000398,0       ,4.12             ,0.0       ,BANKING            ,2022-10-12
77,NCBA Ltd 0rd 5.00                           ,KE0000000406,371500  ,32.35            ,7.3       ,BANKING            ,2022-10-12
76,Kenya Commercial Bank Ltd Ord 1.00          ,KE0000000315,430600  ,39.1             ,-0.13     ,BANKING            ,2022-10-12
75,Bank of Kigali                              ,KE5000008986,1000    ,30.0             ,0.0       ,BANKING            ,2022-10-12
74,IMH Holdings Ltd Ord 1.00                   ,KE0000000125,7500    ,16.9             ,0.3       ,BANKING            ,2022-10-12
72,HF Group Plc Ord 5.00                       ,KE0000000240,15200   ,3.1              ,-8.28     ,BANKING            ,2022-10-12
71,ABSA Bank Kenya Plc Ord 0.50                ,KE0000000067,68900   ,10.95            ,0.0       ,BANKING            ,2022-10-12
70,Car and General (K) Ltd Ord 5.00            ,KE0000000109,1200    ,42.75            ,7.14      ,AUTOMOBILES        ,2022-10-12
69,Kakuzi Ord.5.00                             ,KE0000000281,0       ,420.0            ,0.0       ,AGRICULTURAL       ,2022-10-12
68,Sasini Ltd Ord 1.00                         ,KE0000000430,0       ,21.95            ,0.0       ,AGRICULTURAL       ,2022-10-12
67,Williamson Tea Kenya Ltd Ord 5.00           ,KE0000000505,2000    ,168.0            ,0.0       ,AGRICULTURAL       ,2022-10-12
66,Limuru Tea Co. Ltd Ord 20.00                ,KE0000000356,0       ,420.0            ,0.0       ,AGRICULTURAL       ,2022-10-12
65,Kapchorua Tea Co. Ltd Ord Ord 5.00          ,KE4000001760,0       ,117.75           ,0.0       ,AGRICULTURAL       ,2022-10-12
64,Eaagads Ltd Ord 1.25                        ,KE0000000208,0       ,13.0             ,0.0       ,AGRICULTURAL       ,2022-10-12
18,IMH Holdings Ltd Ord 1.00,KE0000000125,29500,16.9,0,BANKING,2022-10-07
2,Limuru Tea Co. Ltd Ord 20.00,KE0000000356,0,420,0,AGRICULTURAL,2022-10-07
3,Williamson Tea Kenya Ltd Ord 5.00,KE0000000505,7300,168.75,0.45,AGRICULTURAL,2022-10-07
4,Sasini Ltd Ord 1.00,KE0000000430,1300,23.05,0.22,AGRICULTURAL,2022-10-07
5,Kakuzi Ord.5.00,KE0000000281,400,420,0,AGRICULTURAL,2022-10-07
6,Eaagads Ltd Ord 1.25,KE0000000208,0,13,0,AGRICULTURAL,2022-10-07
7,Car and General (K) Ltd Ord 5.00,KE0000000109,200,43.05,-4.33,AUTOMOBILES,2022-10-07
8,Kenya Commercial Bank Ltd Ord 1.00,KE0000000315,162800,39.6,0.51,BANKING,2022-10-07
9,NCBA Ltd 0rd 5.00,KE0000000406,311700,31.95,3.4,BANKING,2022-10-07
10,National Bank of Kenya Ltd Ord 5.00,KE0000000398,0,4.12,0,BANKING,2022-10-07
11,Equity Bank Ltd Ord 0.50,KE0000000554,2666100,44.5,-0.34,BANKING,2022-10-07
12,The Co-operative Bank of Kenya Ltd Ord 1.00,KE1000001568,83600,11.85,0.85,BANKING,2022-10-07
13,Stanbic Holdings Ltd ord.5.00,KE0000000091,100,97,1.57,BANKING,2022-10-07
14,Standard Chartered Bank Ltd Ord 5.00,KE0000000448,17100,134.75,-0.37,BANKING,2022-10-07
15,ABSA Bank Kenya Plc Ord 0.50,KE0000000067,62700,10.95,0,BANKING,2022-10-07
63,New Gold Issuer (RP) Ltd,ZAE000060067,0,1975,0,ETF,2022-10-07
62,Fahari I-REIT,KE5000003656,3100,7.04,3.83,REAL ESTATE,2022-10-07
61,Safaricom Ltd Ord 0.05,KE1000001402,20918000,24.75,4.65,TELECOMMUNICATION,2022-10-07
60,Flame Tree Group Holdings Ltd Ord 0.825,KE4000001323,8900,1.27,0,MANUFACTURING,2022-10-07
59,B.O.C Kenya Ltd Ord 5.00,KE0000000042,0,84.25,0,MANUFACTURING,2022-10-07
58,Mumias Sugar Co. Ltd Ord 2.00,KE0000000372,0,0.27,0,MANUFACTURING,2022-10-07
57,Carbacid Investments Ltd Ord 5.00,KE0000000117,1800,11.7,1.3,MANUFACTURING,2022-10-07
56,British American Tobacco Kenya Ltd Ord 10.00,KE0000000075,3300,433.5,-1.59,MANUFACTURING,2022-10-07
55,East African Breweries PLC Ord 2.00,KE0000000216,320000,137,-0.72,MANUFACTURING,2022-10-07
54,Unga Group Plc Ord 5.00,KE0000000497,0,30,0,MANUFACTURING,2022-10-07
53,Kenya Orchards Ltd Ord 5.00,KE0000000331,0,10.4,0,MANUFACTURING,2022-10-07
52,Nairobi Securities Exchange 4.00,KE3000009674,2400,7.28,0.55,INVESTMENT SERVICES,2022-10-07
51,Home Afrika Ltd Ord 1.00,KE2000007258,17900,0.37,5.71,INVESTMENT,2022-10-07
16,HF Group Plc Ord 5.00,KE0000000240,62600,3.32,1.53,BANKING,2022-10-07
50,Olympia Capital Holdings ltd Ord 5.00,KE0000000166,200,2.49,4.18,INVESTMENT,2022-10-07
49,Trans-Century Ltd Ord 0.50,KE2000002184,1000,1.23,-2.38,INVESTMENT,2022-10-07
48,Kurwitu Ventures,KE4000001216,0,1500,0,INVESTMENT,2022-10-07
47,Centum Investment Co Ltd Ord 0.50,KE0000000265,6500,8.96,2.05,INVESTMENT,2022-10-07
46,British-American Investments Ord 0.10,KE2000002192,11000,5.86,-4.25,INSURANCE,2022-10-07
45,Liberty Insurance,KE2000002168,16400,5.18,-0.77,INSURANCE,2022-10-07
44,Sanlam Insurance Holdings Ltd 0rd 5.00,KE0000000414,6300,9.94,-0.4,INSURANCE,2022-10-07
43,CIC Insurance Group Plc Ord 1.00,KE2000002317,112600,2,-0.99,INSURANCE,2022-10-07
42,Kenya Re-Insurance Corporation Ltd Ord 2.50,KE0000000604,97100,1.98,-1.49,INSURANCE,2022-10-07
41,Jubilee Holdings Ltd Ord 5.00,KE0000000273,200,240,-0.72,INSURANCE,2022-10-07
40,Umeme Ltd Ord 0.50,UG0000001145,14400,7.2,-0.55,ENERGY,2022-10-07
1,Kapchorua Tea Co. Ltd Ord Ord 5.00,KE4000001760,0,119,0,AGRICULTURAL,2022-10-07
39,KenGen Ltd Ord. 2.50,KE0000000547,27300,3.47,0.29,ENERGY,2022-10-07
38,Kenya Power Lighting Co Plc Ord 20.00,KE0000000349,444400,1.84,-1.6,ENERGY,2022-10-07
37,Total Kenya Ltd Ord 5.00,KE0000000463,2800,23.75,-0.21,ENERGY,2022-10-07
36,Bamburi Cement Ltd Ord 5.00,KE0000000059,7900,32.75,-0.91,CONSTRUCTION,2022-10-07
35,Crown Berger Ltd 0rd 5.00,KE0000000141,300,39.7,1.4,CONSTRUCTION,2022-10-07
34,E.A.Portland Cement Ltd Ord 5.00,KE0000000190,100,8,7.24,CONSTRUCTION,2022-10-07
33,Athi River Mining Ord 5.00,KE0000000034,0,5.55,0,CONSTRUCTION,2022-10-07
32,E.A.Cables Ltd Ord 0.50,KE0000000174,6400,1.15,0.88,CONSTRUCTION,2022-10-07
31,Nairobi Business Ventures Ltd,KE5000000090,164000,3.24,4.52,COMMERCIAL,2022-10-07
30,Longhorn Kenya Ltd 1.00,KE2000002275,27200,3.77,-4.56,COMMERCIAL,2022-10-07
29,Eveready East Africa Ltd Ord.1.00,KE0000000588,7600,0.76,2.7,COMMERCIAL,2022-10-07
28,TPS Eastern Africa (Serena) Plc Ord 1.00,KE0000000539,1000,14,0,COMMERCIAL,2022-10-07
27,Uchumi Supermarket Ltd Ord 5.00,KE0000000489,105400,0.25,0,COMMERCIAL,2022-10-07
17,Diamond Trust Bank Kenya Ltd Ord 4.00,KE0000000158,2900,49.4,-0.1,BANKING,2022-10-07
26,Nation Media Group Ord. 2.50,KE0000000380,3500,16.55,0,COMMERCIAL,2022-10-07
25,Sameer Africa Ltd Ord 5.00,KE0000000232,1600,2.91,-1.69,COMMERCIAL,2022-10-07
24,Kenya Airways Ltd Ord 5.00,KE0000000307,0,3.83,0,COMMERCIAL,2022-10-07
23,Deacons (East Africa) Plc Ord 2.50,KE5000005438,0,0.45,0,COMMERCIAL,2022-10-07
22,Scangroup Ltd Ord 1.00,KE0000000562,37100,3.11,-2.81,COMMERCIAL,2022-10-07
21,Express Ltd Ord 5.00,KE0000000224,0,2.92,0,COMMERCIAL,2022-10-07
20,Standard Group Ltd Ord 5.00,KE0000000455,1000,12,0,COMMERCIAL,2022-10-07
19,Bank of Kigali,KE5000008986,64800,30,-8.4,BANKING,2022-10-07
